,id,dimension,nombre,regimen,localidad,capacidad,geometry,r1_caminable,r1_bicicleta,r1_transporte
1,46000109,educacion,CENTRE PRIVAT MARE DE DÉU DE L'OLIVAR I,PRIV. CONC.,ALAQUÀS,40.0,POINT (718272.3541966609 4370456.323965696),0.00229766244422879,0.0007126415082194286,0.0008734556853624417
2,46000110,educacion,CENTRE PRIVAT MADRE JOSEFA CAMPOS,PRIV. CONC.,ALAQUÀS,9.0,POINT (718900.4320947106 4370659.997689506),0.04365199473975787,0.015759603327093925,8.828134717401152e-05
3,46000158,educacion,CEIP AMPARO ALABAU,PÚB.,ALAQUÀS,37.0,POINT (719295.6840662681 4370831.250005849),0.006496127450335943,0.0020992652972518728,0.001037830721279604
4,46000171,educacion,CEIP BONAVISTA,PÚB.,ALAQUÀS,60.0,POINT (719321.5344136528 4370310.191687577),0.001049327215318602,0.000817671942578889,0.0019139061020960744
6,46000249,educacion,CENTRE PRIVAT SANTA ANA Y SAN JOSÉ DE LA MONTAÑA,PRIV. CONC.,ALBAL,22.0,POINT (722622.795338574 4364032.347714249),0.0021715151076994736,0.002200927836790947,0.0005535481765945592
7,46000262,educacion,CEIP SAN BLAS,PÚB.,ALBAL,8.0,POINT (722977.2217785894 4364005.408112411),0.004367778640786098,0.00356662780535817,0.00011549962522683008
8,46000274,educacion,CEIP JUAN ESTEVE MUÑOZ,PÚB.,ALBAL,37.0,POINT (722613.1958536222 4363699.574382209),0.003485403724785299,0.0037198736207886907,0.00164592764328716
13,46000377,educacion,CENTRE PRIVAT PARROQUIAL DON JOSÉ LLUCH,PRIV. CONC.,ALBORAIA,60.0,POINT (727510.3018216968 4375651.508583849),0.0029833247672746994,0.006729594460325074,0.0041017702172749405
14,46000407,educacion,CENTRE PRIVAT SANTA MARÍA-MARIANISTAS,PRIV. CONC.,ALBORAIA,46.0,POINT (727534.7301578107 4375113.283824214),0.10714358542161413,0.005769066158221063,0.0021806528359296497
15,46000444,educacion,CEIP CERVANTES,PÚB.,ALBORAIA,18.0,POINT (728042.4915437612 4375893.4815904815),0.003349010153425278,0.0009900277279495352,0.0017351272010421685
16,46000456,educacion,CEIP TOMÁS ALBERT,PÚB.,ALBUIXECH,24.0,POINT (729683.4185551633 4380649.851959071),0.002167565700356494,0.008982124301096864,0.0026229833935126298
17,46000468,educacion,CENTRE PRIVAT SANTÍSIMO CRISTO DE LA FE,PRIV. CONC.,ALCÀSSER,25.0,POINT (720215.22270614 4360799.792242977),0.0012508329631481625,0.001490261130154978,0.0016253981018195132
18,46000493,educacion,CEIP 9 D'OCTUBRE,PÚB.,ALCÀSSER,34.0,POINT (719844.4607518805 4360774.971061339),0.004014545428118899,0.0014002509444678041,0.0010826413306858943
19,46000501,educacion,CEIP JAUME I,PÚB.,ALCÀSSER,33.0,POINT (719884.1372909942 4361155.682712318),0.009022727338971036,0.001070497929196602,0.0022059101049894778
35,46000894,educacion,CEIP JUAN ANTONIO MARTÍNEZ TORRES,PÚB.,ALDAIA,7.0,POINT (717631.4222584455 4370718.691169954),0.001361647254132286,0.0013513646350487912,0.0001784485368096841
36,46000900,educacion,CEIP NUESTRA SEÑORA DEL CARMEN,PÚB.,ALDAIA,12.0,POINT (717940.5703220722 4372463.917470777),0.0022511226888984014,0.00848622715831533,0.0004627548044914961
37,46000924,educacion,CEIP AUSIÀS MARCH,PÚB.,ALDAIA,39.0,POINT (717976.3003168178 4371735.512576748),0.002646380928994595,0.0026581043299395857,0.0004965089569263614
38,46000936,educacion,"CENTRE PRIVAT GUÍA, SL",PRIV. CONC.,ALFAFAR,19.0,POINT (725053.8489699643 4366779.448247056),0.000977503643060778,0.00019701263696629345,0.0024197954845357472
39,46000948,educacion,CENTRE PRIVAT MARÍA INMACULADA,PRIV. CONC.,ALFAFAR,23.0,POINT (724423.031972089 4367047.584039632),0.015741038808596675,0.00019064107079266277,0.0009011259540484212
40,46000951,educacion,CENTRE PRIVAT VAMAR,PRIV. CONC.,ALFAFAR,13.0,POINT (724813.9099242436 4367179.879385347),0.0025159121458393167,0.0020683416426731903,0.00107049792020692
41,46000997,educacion,CEIP ORBA,PÚB.,ALFAFAR,23.0,POINT (723678.9389417287 4366359.874095479),0,0.004844346075253469,0.011192334594895678
42,46001035,educacion,CENTRE PRIVAT RAMÓN Y CAJAL,PRIV. CONC.,ALFARA DEL PATRIARCA,13.0,POINT (724429.466077208 4380815.988814285),0.001399862147355796,0.0009171533926981593,0.001065152335915011
43,46001047,educacion,CEIP DOCTORA ANNA LLUCH,PÚB.,ALFARA DEL PATRIARCA,21.0,POINT (724964.8130910596 4380398.72021694),0.004059288483902102,0.000504985688051927,0.004844346075253469
55,46001254,educacion,CENTRE PRIVAT SAGRADO CORAZÓN DE JESÚS,PRIV. CONC.,ALGINET,24.0,POINT (718402.0697875645 4348686.394478082),0.7575905151000911,0.0022551821073043985,0.0017226750702792775
56,46001291,educacion,CEIP PEPITA GREUS,PÚB.,ALGINET,47.0,POINT (717900.4045595388 4348968.303772861),0.007862503764104712,0.00869576953184022,0.001926251022314992
57,46001308,educacion,CENTRE PRIVAT PALMA ALMÀSSERA,PRIV. CONC.,ALMÀSSERA,16.0,POINT (727399.7522478485 4377222.316147657),0.003255241600478371,0.46729644097300294,0.006165786114990432
58,46001311,educacion,CEIP CARRAIXET,PÚB.,ALMÀSSERA,31.0,POINT (727154.2021974095 4377033.232263049),0.13675478090116083,0.0031726217474717547,0.0020543612121514798
60,46001357,educacion,CEIP ALMASSAF,PÚB.,ALMUSSAFES,6.0,POINT (723046.9423139347 4352547.789249695),0.03030344742686427,0.09623511624756446,0.0002930007029071246
68,46001667,educacion,CENTRE PRIVAT ASUNCIÓN DE NUESTRA SEÑORA,PRIV. CONC.,BENAGUASIL,41.0,POINT (707219.1306675537 4385678.602791584),1.675624105531237e-05,0.0007716162085414007,0.0009171533926981593
69,46001679,educacion,CEIP LUIS VIVES,PÚB.,BENAGUASIL,8.0,POINT (707019.1795180406 4385261.346025724),0.003826859529609625,0.029982780722749174,0.00019701263696629345
70,46001734,educacion,CENTRE PRIVAT NUESTRA SEÑORA DEL SOCORRO,PRIV. CONC.,BENETÚSSER,38.0,POINT (723825.4980876026 4366611.393247964),0.003397655108232874,0.0019735674927031086,0.0017622188355545547
71,46001761,educacion,CEIP CRISTOBAL COLÓN,PÚB.,BENETÚSSER,31.0,POINT (724241.5660795287 4366385.771967957),0.004052740529395148,0.0033920453338017183,0.004960069356767975
72,46001771,educacion,CEIP BLASCO IBÁÑEZ,PÚB.,BENETÚSSER,38.0,POINT (723764.1918299084 4367359.952876914),0.00040650781136102325,0.001794502009723513,0.0016214617378321075
75,46001849,educacion,CENTRE PRIVAT CRISTO REY,PRIV. CONC.,BENIFAIÓ,22.0,POINT (721789.5291936602 4351727.855234112),0.0005621645802214237,1.2307076047616837e-05,0.0014341737507180593
76,46001850,educacion,CEIP SANTA BÁRBARA,PÚB.,BENIFAIÓ,18.0,POINT (722027.7113112067 4351803.618659137),0.0005285083488815988,0.005507328449849764,0.00047917549037676885
79,46001928,educacion,CEIP BLASCO IBÁÑEZ,PÚB.,BENIPARRELL,12.0,POINT (723031.6614547526 4362093.40741594),0.0013370400544336963,0.0004099309246381467,0.008695770041169846
81,46001953,educacion,CEIP VERGE DEL FONAMENT,PÚB.,BENISSANÓ,16.0,POINT (708241.3061093482 4387465.895032983),0.0015646554538552837,0.0009385536528941739,0.003010371672877197
82,46001989,educacion,CENTRE PRIVAT MARQUÉS DE DOS AGUAS,PRIV. CONC.,BÉTERA,20.0,POINT (718052.3741314044 4385911.119652271),4.4000063154010185,0.0013282947762660881,0.0027203875268831806
83,46001990,educacion,CENTRE PRIVAT NUESTRA SEÑORA DEL CARMEN,PRIV. CONC.,BÉTERA,25.0,POINT (717848.9993350774 4385254.599264828),0.001078631130571096,0.0015708108397999277,0.0008721838831773548
87,46002076,educacion,CEIP MARE DE DÉU DEL PILAR,PÚB.,BONREPÒS I MIRAMBELL,34.0,POINT (726551.6603623092 4377881.911453279),0.16591040234773832,0.0060606905137244385,0.029982780722749174
91,46002210,educacion,CENTRE PRIVAT JUAN XXIII,PRIV. CONC.,BURJASSOT,28.0,POINT (722305.3841925556 4376911.931892266),0.002677407716612326,0.0003526418023210638,0.00026557029078462096
92,46002258,educacion,CENTRE PRIVAT SAN MIGUEL ARCÁNGEL,PRIV. CONC.,BURJASSOT,18.0,POINT (722961.3904450273 4376077.3795691505),0.0013661313374314008,0.0011881052549293947,0.0005764866622541588
93,46002301,educacion,CENTRE PRIVAT NATIVIDAD DE NUESTRA SEÑORA,PRIV. CONC.,BURJASSOT,33.0,POINT (722419.32951727 4375749.828033423),0.001611196414225721,0.015555684235976943,0.006707414781739297
94,46002350,educacion,CENTRE PRIVAT LA FONTAINE,PRIV. CONC.,BURJASSOT,1.0,POINT (722176.4856073259 4376878.789075953),0.0010444570098810239,0.0013541622008328038,1.0053933724368998e-05
95,46002416,educacion,CEIP SAN JUAN DE RIBERA,PÚB.,BURJASSOT,24.0,POINT (722845.8447333885 4376354.120989876),0.00606069402262079,0.0008894420322527174,0.0004454906876487694
96,46002428,educacion,CEIP MIGUEL BORDONAU,PÚB.,BURJASSOT,21.0,POINT (722303.4915330054 4376351.851549232),0.0033241467580715205,0.0006182439805863505,0.0004095531177036486
97,46002441,educacion,CEIP LES SITGES,PÚB.,BURJASSOT,31.0,POINT (722343.9119983602 4377161.223856733),0.026018438813966187,0.013990451465614995,0.0008112127625833917
103,46002593,educacion,CEIP LA MURALLA,PÚB.,CANET D'EN BERENGUER,16.0,POINT (738315.2613090503 4395793.011084486),0.0018630193955193426,0.007798278548203946,0.01294523311504501
112,46002751,educacion,CENTRE PRIVAT LA DEVESA,PRIV.,CARLET,22.0,POINT (712959.097655135 4345061.796834459),0.010738407472289971,0.004953645650635293,4.4
113,46002763,educacion,CEIP JUAN VICENTE MORA,PÚB.,CARLET,42.0,POINT (713741.0020103849 4345031.601166462),0.014264544513852227,0.010827694754852011,0.0011042927648653904
114,46002799,educacion,CEIP SANT BERNAT,PÚB.,CARLET,73.0,POINT (714491.269364137 4344272.040724875),0.007342225420199689,0.006997001510186993,0.1483753976782478
115,46002805,educacion,CEIP BOSCH MARÍN,PÚB.,CARLET,20.0,POINT (714084.2733744989 4344223.006104766),0.006351408741853307,0.009367043511755132,0.001597477113826948
119,46002908,educacion,CENTRE PRIVAT SAN ANTONIO DE PADUA,PRIV. CONC.,CATARROJA,24.0,POINT (723608.5397077646 4364827.757559203),0.005137662839152711,0.004157429900772039,0.00028370523888903955
120,46002945,educacion,CEIP JOAN XXIII,PÚB.,CATARROJA,26.0,POINT (723747.158617178 4364075.649404342),0.01357006562670877,0.0019491408171406729,0.0018222863069699685
121,46002970,educacion,CEIP PALUZIÉ,PÚB.,CATARROJA,20.0,POINT (723266.4159691765 4364610.726577885),0.015131729505420813,0.009065635830176827,0.0006757997269819383
122,46003019,educacion,CEIP JAUME I EL CONQUERIDOR,PÚB.,CATARROJA,43.0,POINT (722809.8126005889 4364604.057802991),0.006402522866559679,0.008139615241451703,0.47778551226717736
124,46003147,educacion,CENTRE PRIVAT SAN ENRIQUE,PRIV. CONC.,QUART DE POBLET,20.0,POINT (719573.9718472074 4373660.940138803),0.0007853127945669996,0.006069176103492368,0.0007046334179552958
125,46003159,educacion,CENTRE PRIVAT PURÍSIMA CONCEPCIÓN,PRIV. CONC.,QUART DE POBLET,22.0,POINT (720108.3487704428 4373607.566419615),0.0004211843115208527,0.00024678645041977985,0.0007026143903798122
126,46003202,educacion,CENTRE PRIVAT SAGRADO CORAZÓN,PRIV. CONC.,QUART DE POBLET,19.0,POINT (720258.3571115732 4373381.8718878),0.006749841985127412,0.003719918614973404,0.0009492516032051377
127,46003238,educacion,CEIP SAN ONOFRE,PÚB.,QUART DE POBLET,38.0,POINT (719220.1602735355 4373524.384514608),0.10914585586620139,0.001065152335915011,0.0006466009791022677
128,46003251,educacion,CEIP MARÍA MOLINER,PÚB.,QUART DE POBLET,38.0,POINT (719573.1696944825 4373297.53928726),0.0022099747904243375,0.0007567862729080657,0.002112316166567481
129,46003275,educacion,CEIP MOLÍ D'ANIMETA,PÚB.,QUART DE POBLET,8.0,POINT (720805.3121818278 4373190.259339799),0.00063281795658649,0.0025872440312713018,0.0034935201934583973
141,46003615,educacion,CENTRE PRIVAT NUESTRA SEÑORA DE LA SALUD,PRIV. CONC.,XIRIVELLA,23.0,POINT (721645.0159178216 4371596.066610445),0.016666898155390603,0.3229216751690997,0.0007291484923791392
142,46003639,educacion,CEIP GREGORI MAYANS I CISCAR,PÚB.,XIRIVELLA,41.0,POINT (721165.1878460147 4371536.810005776),0.05555629865741296,0.11363786760640922,0.0006988087434754299
143,46003640,educacion,CEIP RAMÓN Y CAJAL,PÚB.,XIRIVELLA,21.0,POINT (720360.4682151503 4371368.467581964),0.6756807336979143,0.011413177655675285,0.0006356019648617332
144,46003652,educacion,CEIP MIGUEL DE CERVANTES,PÚB.,XIRIVELLA,7.0,POINT (721308.5486410403 4371232.621970968),0.017949014182754724,0.009928323364293293,0.00024678645041977985
145,46003676,educacion,CEIP VICENT TOSCA,PÚB.,XIRIVELLA,13.0,POINT (722267.378204521 4371786.419765911),0.05133965596271879,0.02532364251058329,0.0012974305977168006
146,46003706,educacion,CENTRO PRIVADO COLEGIO DE LEVANTE,PRIV.,CHIVA,32.0,POINT (709996.1150364142 4367821.825318127),0.016666994841776583,0.0022222380463875102,0.007984240972957482
147,46003718,educacion,CEIP DOCTOR CORACHÁN,PÚB.,CHIVA,31.0,POINT (696468.7056870705 4371616.995154893),0.0028985659959590935,0.006763369404011876,0.0021819006300294154
149,46003810,educacion,CENTRE PRIVAT IALE,PRIV.,ELIANA (L'),50.0,POINT (710938.0822167337 4382422.536828325),0.02608725532303358,0.041198998236494935,0.11363786760640922
150,46003846,educacion,CEIP VIRGEN DEL CARMEN,PÚB.,ELIANA (L'),47.0,POINT (712468.3627766873 4382174.110759814),0.04836008072383433,0.008358033251132428,0.006920053092126317
157,46004000,educacion,CEIP MARE DE DÉU DEL PATROCINI,PÚB.,FOIOS,35.0,POINT (727339.2417241529 4380119.798039986),0.0028666762200807755,0.001644640651943287,0.006763369404011876
172,46004346,educacion,CENTRE PRIVAT SAGRADO CORAZÓN,PRIV. CONC.,GODELLA,7.0,POINT (722861.7122226825 4377389.537469215),0.004768796276521256,0.004474341001255564,0.0013282947762660881
173,46004361,educacion,CENTRE PRIVAT SAN BARTOLOMÉ,PRIV. CONC.,GODELLA,29.0,POINT (722609.2418582826 4377563.351882543),0.0012309007689420177,0.0012271421775564965,0.001559156742594398
174,46004395,educacion,CENTRE PRIVAT LUIS AMIGÓ,PRIV. CONC.,GODELLA,56.0,POINT (722005.5888926573 4378557.403613239),0.0045045300796736605,0.006737041640109809,0.04713886128229315
175,46004413,educacion,CENTRE PRIVAT EDELWEISS,PRIV.,GODELLA,44.0,POINT (720823.0657259976 4379112.335634264),0.0016788542537291445,0.0033652380954909836,0.041198998236494935
176,46004449,educacion,CENTRE PRIVAT INSTITUCIÓN CULTURAL DOMUS,PRIV. CONC.,GODELLA,51.0,POINT (722151.0768168372 4378071.989153325),0.01205465563519426,0.001160727942826802,0.008358033251132428
177,46004486,educacion,CEIP EL BARRANQUET,PÚB.,GODELLA,15.0,POINT (722400.673697961 4378365.120719386),0.006671775225702369,0.00996451370693394,0.0028763662038941208
178,46004498,educacion,CEIP CERVANTES,PÚB.,GODELLA,22.0,POINT (721697.9417171739 4377972.110243401),0.0012507963682672387,0.0024795996936505635,0.0013862825891042185
192,46004796,educacion,CENTRE PRIVAT SANTA ANA,PRIV. CONC.,LLÍRIA,23.0,POINT (706053.1787085952 4389492.8668115735),0.026923408866065496,0.0042885395787018695,0.0005901310728018912
193,46004814,educacion,CENTRE PRIVAT FRANCISCO LLOPIS LATORRE,PRIV. CONC.,LLÍRIA,25.0,POINT (706365.9556555429 4389443.364605266),0.0016238324263075702,0.0030347328178400926,0.001695869469381882
194,46004838,educacion,CEIP SANT VICENT FERRER,PÚB.,LLÍRIA,47.0,POINT (706304.0334731769 4389398.162569823),0.006811198506951864,0.004529049109470089,0.001979819177308856
195,46004863,educacion,CEIP SANT MIQUEL,PÚB.,LLÍRIA,55.0,POINT (705889.1539146578 4389527.026985586),0.0049252109226285415,0.00282777227502971,0.001417047357803294
196,46004875,educacion,CEIP W.A. MOZART,PÚB.,LORIGUILLA,19.0,POINT (708756.2224768526 4374059.927842443),0.0015306384173965361,0.0025000348719233204,0.0033652380954909836
198,46004978,educacion,CEIP SANT FRANCESC DE BORJA,PÚB.,LLOMBAI,6.0,POINT (709329.6136270661 4350780.8886875985),0.012396855505868777,0.004675544043272464,0
200,46005053,educacion,CENTRE PRIVAT EL CARMEN,PRIV. CONC.,MANISES,25.0,POINT (719257.7281984978 4373924.485317491),0.005480071023098921,0.01367550069970236,0.0013594596413398915
202,46005077,educacion,CEIP ENRIC VALOR I VIVES,PÚB.,MANISES,23.0,POINT (717138.8024299117 4375231.724430838),0.0025686274286601377,0.004535197840615581,0.0051454916517009565
203,46005090,educacion,CEIP VICENTE NICOLAU BALAGUER,PÚB.,MANISES,13.0,POINT (718221.6891177925 4374778.937832987),0.004908293024572917,0.00256325122487852,0.0010956733250123253
204,46005107,educacion,CEIP JOSÉ GARCÍA PLANELLS,PÚB.,MANISES,44.0,POINT (717780.5399599931 4375101.671540274),0.004499491843072635,0.0038819021807412037,0.0021133808426888737
206,46005120,educacion,CEIP BENJAMÍN BENLLOCH,PÚB.,MANISES,27.0,POINT (718715.8590614622 4374768.332664802),0.0027548586407873913,0.009574615395708917,0.0012563673877821332
208,46005171,educacion,CEIP CASTILLO DEL REAL,PÚB.,MARINES,14.0,POINT (709070.1094898927 4394724.563162369),0.005343024591214827,0.0010276831520301948,0.00996451370693394
210,46005201,educacion,CEIP SANT LLORENÇ MÀRTIR,PÚB.,MASSALFASSAR,12.0,POINT (729706.9686929942 4382278.986367636),0.0016005762054348306,0.0032556569231111205,0.0011952317574667037
211,46005223,educacion,CENTRE PRIVAT SAGRADA FAMILIA,PRIV. CONC.,MASSAMAGRELL,25.0,POINT (729288.5520921507 4383371.802526794),0.0021750650832731084,0.0018099759701539833,0.003836773355393818
212,46005247,educacion,CEIP OBISPO AMIGÓ,PÚB.,MASSAMAGRELL,11.0,POINT (728162.3922357025 4384651.5509943515),0.0003444856673840128,0.0003097216198104389,0.0042885395787018695
213,46005259,educacion,CEIP SAN JUAN EVANGELISTA,PÚB.,MASSAMAGRELL,36.0,POINT (729393.322589352 4383408.134534158),0.008772034545697313,0.04779497328218781,0.0014296173689465912
214,46005260,educacion,CEIP VIRGEN DEL ROSARIO,PÚB.,MASSAMAGRELL,42.0,POINT (728717.2408279844 4383668.387079235),0.007914565532695676,0.0017511166295968955,0.0030347328178400926
215,46005314,educacion,"CENTRE PRIVAT SAN JOSÉ, SAN ANDRÉS Y SAN BENITO",PRIV. CONC.,MASSANASSA,22.0,POINT (724167.9606690912 4365285.038055427),0.0022959437301659663,0.001680316484750726,0.0025000348719233204
216,46005338,educacion,CEP LLUÍS VIVES,PÚB.,MASSANASSA,65.0,POINT (723632.1738280172 4365973.14347814),0.0018974796130959717,0,0.006889333230797118
217,46005351,educacion,CENTRE PRIVAT SAGRADO CORAZÓN,PRIV. CONC.,MELIANA,23.0,POINT (727942.1503143169 4378868.67658873),0.02135265747094452,0.006353634895866831,0.0038819021807412037
218,46005375,educacion,CEIP MEDITERRANI,PÚB.,MELIANA,18.0,POINT (728085.5111039395 4379101.105170758),0.0027054828430517876,0.20869870016401681,0.009574615395708917
220,46005508,educacion,CENTRE PRIVAT SAGRADO CORAZÓN,PRIV. CONC.,MISLATA,41.0,POINT (722106.8035386646 4372737.994249317),0.0016250047562048134,0.009804069334769221,0.0007509821201866697
221,46005511,educacion,CEIP GREGORI MAYANS I CÍSCAR,PÚB.,MISLATA,12.0,POINT (722420.1692613333 4372514.022090318),0.006519319906222995,0.021415695579030735,0.0003040712057782367
222,46005521,educacion,CEIP AMADEO TORTAJADA,PÚB.,MISLATA,42.0,POINT (722499.5880880572 4372788.593043363),0.0022679327652235094,0.0017533054456150008,0.001293125015118252
223,46005570,educacion,CEIP JAUME I,PÚB.,MISLATA,38.0,POINT (722615.6824410598 4372757.378276843),0.003935238305332806,0.008718197648112092,0.0011845611228951574
225,46005612,educacion,CENTRE PRIVAT SAN JAIME APÓSTOL,PRIV. CONC.,MONCADA,53.0,POINT (724060.6241402138 4380496.768405689),0.06737699339005908,0.00027213247959113283,0.001680316484750726
226,46005636,educacion,CENTRE PRIVAT SAN JOSÉ,PRIV. CONC.,MONCADA,16.0,POINT (723304.28338425 4380387.77590979),0.003254734570860075,0.0015079794234284514,0.0013210166370057736
227,46005661,educacion,CEIP VICENTE BLASCO IBÁÑEZ,PÚB.,MONCADA,24.0,POINT (723933.9949288385 4379954.16816303),0.0004856561882458535,0.004449444056708188,0.20869870016401681
228,46005685,educacion,CENTRE PRIVAT SAN PABLO-CEU,PRIV.,MONCADA,74.0,POINT (724319.6871790435 4381101.431362021),0.0004944436983060339,0.0014664856376785211,0.005054744640619387
229,46005703,educacion,CEIP EVARISTO CALATAYUD,PÚB.,MONTSERRAT,60.0,POINT (707203.7254670372 4359430.647543724),0.018759285390710787,0.00046738226960118737,0.021089966944937824
233,46005764,educacion,CEIP VICENTE BLASCO IBÁÑEZ,PÚB.,MUSEROS,46.0,POINT (727938.7445847767 4382931.868624226),0.004255376393123145,0.0032057985549631593,0.006353634895866831
234,46005788,educacion,CEIP EMILIO LLUCH,PÚB.,NÁQUERA,41.0,POINT (720542.0826200658 4393286.065770922),0.0031818620255738036,0.002858314535772247,0.07592670399358692
254,46006161,educacion,CENTRE PRIVAT LA INMACULADA,PRIV. CONC.,PAIPORTA,22.0,POINT (722253.4437464719 4367290.096979709),0.0030979328135351293,0.0014764515265180446,0.00043327915694675226
255,46006185,educacion,CEIP AUSIÀS MARCH,PÚB.,PAIPORTA,48.0,POINT (722619.4300760288 4367791.950636832),0.007269595481068229,0.05974113875281093,0.004449444056708188
257,46006264,educacion,CENTRE PRIVAT ESCUELA 2,PRIV. CONC.,CAÑADA (LA),18.0,POINT (717508.2501324606 4378314.608897015),0.09465089742312009,0.014117805318447056,0.04838757519529346
258,46006291,educacion,CEIP EL PARQUE,PÚB.,CAÑADA (LA),16.0,POINT (716068.8438379592 4377885.445960824),0.0362625872198919,0.04838757519529346,0.001579172967296839
259,46006380,educacion,CENTRE PRIVAT REGINA CARMELI,PRIV. CONC.,PATERNA,13.0,POINT (720498.6556838545 4375049.422372274),0.014583464900957483,0.027578386814515566,0.0007254619305431238
260,46006409,educacion,CENTRE PRIVAT LICEO HISPANO,PRIV. CONC.,PATERNA,41.0,POINT (720556.6769261255 4375052.075154634),0.003205728831449608,0.0016996036164290905,0.002749893048909539
261,46006410,educacion,CENTRE PRIVAT LA SALLE,PRIV. CONC.,PATERNA,72.0,POINT (720824.6715616798 4375007.724398115),0.03036217796111454,0.001712802798937453,0.005349328710741374
262,46006422,educacion,CENTRE PRIVAT ESCUELA PROFESIONAL LA SALLE,PRIV. CONC.,PATERNA,36.0,POINT (720180.5709744549 4376337.1438392615),0.008385897688202191,0.02462407736901667,0.0020924482436967718
263,46006446,educacion,CENTRO PRIVADO EL ARMELAR,PRIV. CONC.,TERRAMELAR,75.0,POINT (720905.9572904344 4376423.586143098),0.007380145088978619,0.03307919515289534,0.5357403216422674
264,46006458,educacion,CEIP MIGUEL DE CERVANTES,PÚB.,PATERNA,15.0,POINT (720217.5285527323 4375482.898531312),0.0029426557562563876,0.0013210166370057736,0.00016529194609680404
265,46006461,educacion,CEIP TORRE DE PATERNA,PÚB.,PATERNA,8.0,POINT (719690.9992673893 4376222.246074991),0.06216326624297715,0.010416836247593228,0.00018803473075882708
266,46006483,educacion,CEIP CLARA CAMPOAMOR,PÚB.,PATERNA,49.0,POINT (720008.3722159304 4375304.980429468),0.01179275797195525,0.037234623107981375,0.0027543981081938414
267,46006501,educacion,CENTRE PRIVAT SANTO TOMÁS DE AQUINO,PRIV. CONC.,CAÑADA (LA),46.0,POINT (717730.7226356771 4378870.654388311),0.0007344964696421199,0.0024836847011125963,0.08518585806234126
270,46006574,educacion,CEIP BALADRE,PÚB.,PICANYA,40.0,POINT (721155.8620279524 4368019.714632482),3.1250655584044518,0.11650611935593348,0.017544046533389326
271,46006616,educacion,CENTRE PRIVAT SANT CRISTÒFOR MÀRTIR I,PRIV. CONC.,PICASSENT,50.0,POINT (718621.8749910669 4360234.723032032),0.015508806439081417,0.012464552093107942,0.00988543219493766
272,46006631,educacion,CEIP SANT IGNASI DE LOIOLA,PÚB.,PICASSENT,20.0,POINT (718407.4350287804 4359404.877601289),0.01333859040865181,0.007268020906207097,0.00398252675365532
273,46006641,educacion,CEIP MARE DE DÉU DE VALLIVANA,PÚB.,PICASSENT,50.0,POINT (718675.6530171202 4360361.541338724),0.002856841333267164,0.008620816646177063,0.002487586907283198
274,46006653,educacion,CEIP PRÍNCIPE DE ESPAÑA,PÚB.,PICASSENT,35.0,POINT (719211.9246121708 4360394.967812966),0.008166403368335753,0.0017488251244924178,0.01246455191144009
275,46006665,educacion,CENTRE PRIVAT AUSIÀS MARCH,PRIV.,PICASSENT,55.0,POINT (716640.4179222109 4360558.857049116),0.11764832574000425,0.00398252675365532,4.583413366717142
276,46006677,educacion,CENTRE PRIVAT LA NOSTRA ESCOLA COMARCAL,PRIV. CONC.,PICASSENT,50.0,POINT (716786.0319942514 4363820.505909707),3.0556121160250997,0.01138185448018061,3.1250655584044518
278,46006707,educacion,CEIP EUGENIO MARTÍ SANCHIS,PÚB.,BENICULL DE XÚQUER,3.0,POINT (725884.3738070242 4340680.551838286),0,0.006055148551906364,0
280,46006744,educacion,CEIP CERVANTES,PÚB.,POBLA DE FARNALS (LA),50.0,POINT (729474.027386199 4384543.118000604),0.03037459453910099,0.0012465524179530456,0.002738563737461859
282,46006768,educacion,CENTRE PRIVAT SAN JOSÉ,PRIV. CONC.,POBLA DE VALLBONA (LA),22.0,POINT (710037.4833265905 4385116.980886257),0.0033253006833551847,0.05808171564529975,0.006030798384506462
283,46006771,educacion,CENTRE PRIVAT SAN RAFAEL,PRIV. CONC.,POBLA DE VALLBONA (LA),22.0,POINT (710041.9350656748 4385663.745728553),0.07843222323701535,0.0004556572985371903,0.0015759486697279547
284,46006793,educacion,CENTRE PRIVAT COLOR DE MONTE COLORADO,PRIV. CONC.,POBLA DE VALLBONA (LA),24.0,POINT (709591.7813028463 4386922.298765306),0.07165213851948193,0.0030960199586438377,0.010349397852334083
285,46006801,educacion,CEIP LLUÍS VIVES,PÚB.,POBLA DE VALLBONA (LA),30.0,POINT (710137.6795747472 4385054.502844415),0.01485169482018855,0.010349397852334083,0.008542267926019056
288,46006835,educacion,CEIP PARE JOFRÉ,PÚB.,PUIG DE SANTA MARIA [EL],18.0,POINT (731762.3128073306 4385872.436266503),0.006194261538637989,0.0033116238356306216,0.001001789577791949
290,46006884,educacion,CEIP BISBE HERVÀS,PÚB.,PUÇOL,33.0,POINT (731854.5733838517 4388921.410611121),0.0006088345587108453,0.016340135127287617,0.0033116238356306216
291,46006896,educacion,CEP LUIS VIVES,PÚB.,PUÇOL,43.0,POINT (730602.9999604536 4388646.983730788),0.004932233801320194,0.0030123305175861477,0.0046177526450836325
293,46006938,educacion,CEIP VERGE DEL MIRACLE,PÚB.,RAFELBUNYOL,8.0,POINT (728637.5409199669 4385690.755911698),0.01979444895978527,0.015594794354314807,0.000196978484324601
298,46007025,educacion,CEIP SANT PERE APÒSTOL,PÚB.,REAL,16.0,POINT (706023.6281663496 4356589.339152794),0.20000072511469835,0.0006934915895334457,0.04371666277676155
303,46007268,educacion,CENTRE PRIVAT MARÍA DE ICÍAR,PRIV.,RIBA-ROJA DE TÚRIA,1.0,POINT (711544.6802767611 4378576.616643572),0.09313790955013027,0.004761963316483573,0.20000072511469835
304,46007271,educacion,CENTRE PRIVAT ASUNCIÓN DE NUESTRA SEÑORA,PRIV. CONC.,RIBA-ROJA DE TÚRIA,50.0,POINT (709093.1369217935 4379819.695957209),0.01742947820078441,0.08636435250270398,0.016340135127287617
305,46007281,educacion,CEIP CERVANTES,PÚB.,RIBA-ROJA DE TÚRIA,38.0,POINT (708552.2401466857 4379877.728723151),0.5666841698617814,0,0.004761963316483573
306,46007293,educacion,CENTRE PRIVAT ENTRENARANJOS,PRIV.,RIBA-ROJA DE TÚRIA,16.0,POINT (711622.6624755227 4380711.012563707),0.0037348954582754105,0.0067454481079464845,0.015594794354314807
307,46007311,educacion,CEIP MIGUEL HERNÁNDEZ,PÚB.,RIOLA,10.0,POINT (730037.0743065418 4342086.541791883),0,0.0008793509068782574,0.003516196429076156
308,46007372,educacion,CEIP SAN SEBASTIÁN,PÚB.,ROCAFORT,11.0,POINT (722652.887243167 4378518.912977455),0.0014176832158011212,0.0011952317574667037,0.0011859970494764028
310,46007487,educacion,CEIP NUESTRA SEÑORA DE BEGOÑA,PÚB.,PUERTO SAGUNTO (EL),37.0,POINT (738732.375375242 4393794.984521867),0.002983319362239492,0.009761286213156039,0.000811484151691854
311,46007499,educacion,CENTRE PRIVAT SAN PEDRO APÓSTOL,PRIV. CONC.,PUERTO SAGUNTO (EL),25.0,POINT (737936.6079160288 4393755.670956438),0.0011749611426267149,0.0018808083485184147,0.0020532413029671417
312,46007517,educacion,CEIP CERVANTES,PÚB.,PUERTO SAGUNTO (EL),20.0,POINT (738076.6743017299 4393758.669721491),0.00040328358117107903,0.008190123055261244,0.0009480576007197336
313,46007529,educacion,CEIP MAESTRO TARAZONA,PÚB.,PUERTO SAGUNTO (EL),39.0,POINT (737211.1039159012 4394724.293731907),0.011586613039623432,0.0009521194960495234,0.00574221247406454
314,46007581,educacion,CEIP BALADRE,PÚB.,PUERTO SAGUNTO (EL),17.0,POINT (736571.7879341479 4394990.0558487205),0.021519119494882694,0.005376423874562688,0.017171876160116607
316,46007669,educacion,CEIP CRONISTA CHABRET,PÚB.,SAGUNT,23.0,POINT (733470.4686077272 4395948.065198133),0.0008607902207059378,0.019101257809179168,0.0006700198734052262
317,46007670,educacion,CEIP JOSÉ ROMEU,PÚB.,SAGUNT,22.0,POINT (733962.4142679673 4395826.351454899),0.015008105246482023,0.008408887272272444,0.0011797680871014934
318,46007700,educacion,CEIP MONTÍBER,PÚB.,SAGUNT,33.0,POINT (733603.6872601702 4396231.441529755),0.008695790266682844,0.004797659765079017,0.0015973600541376132
320,46007803,educacion,CENTRE PRIVAT SEDAVÍ,PRIV. CONC.,SEDAVÍ,40.0,POINT (724849.2971556586 4367442.422070625),0.00022884865107932422,0.0003074118580993403,0.010384381709485316
321,46007815,educacion,CEIP FERNANDO BAIXAULI CHORNET,PÚB.,SEDAVÍ,18.0,POINT (724808.8783493043 4367323.823685964),0.0028372912413504267,0.006201630800634767,0.0014002509366279163
322,46007827,educacion,CEIP SAN CLEMENTE,PÚB.,SEDAVÍ,25.0,POINT (725229.6452570766 4367046.06586025),0.010288208051814764,0.007783577914349941,0.003805230552948374
324,46007864,educacion,CEIP SANT JOSEP,PÚB.,SERRA,13.0,POINT (720484.1586257846 4395812.950762904),0.0012052986220763167,0.0035009945718408497,0.001796593539831536
326,46007888,educacion,CENTRE PRIVAT SAGRADA FAMILIA,PRIV. CONC.,SILLA,40.0,POINT (722684.9230325874 4360451.976366115),0.0008554402805679208,0.0078088049739826115,0.007961897083612895
327,46007931,educacion,CEIP VERGE DELS DESEMPARATS,PÚB.,SILLA,20.0,POINT (722966.1590428696 4360475.031501312),0.003696276635545579,0.0005311094296615256,0.0008267959386438079
328,46007967,educacion,CEIP SAN ROQUE,PÚB.,SILLA,17.0,POINT (723137.1525489413 4359432.11873317),0.023088377109886926,0.001840149983675601,0.006071534117616076
331,46008042,educacion,CEIP LÓPEZ MARCO,PÚB.,SOLLANA,32.0,POINT (725374.060824449 4351082.412484631),0.001156917618687724,0.00010388774573642758,0.007808804716596594
332,46008066,educacion,CEIP MARENY DE BARRAQUETES,PÚB.,MARENY DE BARRAQUETES,2.0,POINT (736187.4422397336 4347541.722140266),0.006921423971274883,0.00032952086836940896,0.0018518668450067514
333,46008081,educacion,CEIP EL PERELLÓ,PÚB.,PERELLÓ (EL),18.0,POINT (735032.463857646 4350746.720121567),0.0063958599838994405,0.0013440990862947774,0.0158595888060156
334,46008091,educacion,CENTRE PRIVAT MARÍA AUXILIADORA,PRIV. CONC.,SUECA,19.0,POINT (732323.9499827409 4342786.265900853),0.7200123713728618,0.0029762331480793955,0.0002952864607816368
335,46008111,educacion,CENTRE PRIVAT LUIS VIVES,PRIV. CONC.,SUECA,24.0,POINT (732851.802166357 4342543.436861056),0.012056074521761611,0.0013966638061136357,0.007237765745658511
336,46008133,educacion,CENTRE PRIVAT UNIÓN CRISTIANA,PRIV. CONC.,SUECA,19.0,POINT (732490.3677289712 4342643.0061964085),0.00044335875629627835,0.011822805874879851,0.0005772870815530783
337,46008145,educacion,CENTRE PRIVAT NUESTRA SEÑORA DE FÁTIMA,PRIV. CONC.,SUECA,18.0,POINT (732296.2246456349 4342121.856329363),0.0019255634850818399,0.007285417747418719,0.0007662970931909395
338,46008157,educacion,CENTRE PRIVAT E. JARDÍN ATENEO SUECO DEL SOCORRO,PRIV. CONC.,SUECA,25.0,POINT (731875.9426979788 4342345.802877427),0.00014424683198172855,0.0007991673321254037,0.0015845067701353473
339,46008169,educacion,CENTRE PRIVAT LA ENCARNACIÓN,PRIV. CONC.,SUECA,38.0,POINT (732265.2249198713 4342603.988152691),0.000903480241791275,0.00845757266944635,0.0007885889399252582
340,46008170,educacion,CEIP CERVANTES,PÚB.,SUECA,16.0,POINT (731645.4505592574 4342644.712938184),0.001429232191331516,0.0014251939738455465,0.00043838691651442065
341,46008182,educacion,CEIP CARRASQUER,PÚB.,SUECA,8.0,POINT (732336.5120864486 4342997.724774219),0.014724080410372415,0.0032594884489256922,0.00010038381839169648
342,46008273,educacion,CEP 9 D'OCTUBRE,PÚB.,TAVERNES BLANQUES,30.0,POINT (726707.3161170827 4375970.129535247),0.01960835439743513,0.0015528109146807339,0.004931054853074489
348,46008443,educacion,CENTRE PRIVAT JULIO VERNE,PRIV.,MONTE VEDAT,43.0,POINT (715249.3018432416 4365959.036703468),0.001294978862550415,0.0012159434835420505,0.5733442217811989
349,46008546,educacion,CENTRE PRIVAT SAN JOSÉ Y SANTA ANA,PRIV. CONC.,TORRENT,42.0,POINT (718364.7061148213 4368488.43129996),0.044716220941180794,0.012328919412514594,0.0007799547915395139
350,46008561,educacion,CENTRE PRIVAT SANTO TOMÁS DE AQUINO,PRIV. CONC.,TORRENT,17.0,POINT (716806.2576497319 4367937.604848487),0.026103345020005803,0.0004899367459756513,0.0013470844433996943
351,46008649,educacion,CENTRE PRIVAT FASTA MADRE SACRAMENTO,PRIV. CONC.,TORRENT,73.0,POINT (716523.0228200429 4366943.24620489),0.0016479415572368712,0.5733442217811989,0.0037832325917531804
353,46008662,educacion,CENTRE PRIVAT NUESTRA SEÑORA DEL MONTE SIÓN,PRIV. CONC.,TORRENT,52.0,POINT (718230.9981891362 4367839.911305368),0.003992346347987767,0.002044442727292575,0.006609140945046314
354,46008674,educacion,CENTRE PRIVAT MARÍA AUXILIADORA,PRIV. CONC.,TORRENT,22.0,POINT (718018.2176492701 4367812.267087716),0.007004414602654929,0.00496843537217142,0.0022321722303690556
355,46008686,educacion,CENTRE PRIVAT LA PURÍSIMA,PRIV. CONC.,TORRENT,48.0,POINT (717960.4335030366 4368274.54762515),0.47778922410238095,0.004294043018827159,0.0006904184819708877
356,46008698,educacion,CEIP VIRGEN DEL ROSARIO,PÚB.,TORRENT,29.0,POINT (718536.8010726197 4368516.384223163),0.0094340706714338,0.005147132907849954,0.0031896633681468816
357,46008704,educacion,CEIP LOPE DE VEGA,PÚB.,TORRENT,27.0,POINT (717683.7726686073 4368187.68480973),0.002901392380922899,0.006972213580073616,0.0005678309918125034
358,46008716,educacion,CEIP JUAN XXIII,PÚB.,TORRENT,19.0,POINT (717744.7751227561 4368945.128597288),0.002633584923590913,0.010066308258688718,0.0029762331480793955
359,46008728,educacion,CEIP SANT PASQUAL,PÚB.,TORRENT,71.0,POINT (717289.7975251286 4367321.933369963),0.010172059350686062,0.002471200625687064,0.003297024776932454
360,46008731,educacion,CEIP FEDERICO MAICAS,PÚB.,TORRENT,35.0,POINT (716954.5110784882 4367879.096038192),0.018397428223209188,0.008653377596475163,0.0014414152275100442
361,46008741,educacion,CEIP SAN JUAN BAUTISTA,PÚB.,TORRENT,9.0,POINT (718151.330091256 4367630.935611946),0.0014371397336715188,0.004139123986941303,0.002471200625687064
367,46009009,educacion,CEIP MANUEL GONZÁLEZ MARTÍ,PÚB.,BENIFARAIG,39.0,POINT (725122.0975770722 4378896.593437707),0.004638273741384137,0.2031276487369252,0.22286172883012292
368,46009034,educacion,CENTRE PRIVAT EL AVE MARÍA,PRIV. CONC.,BENIMAMET-BENIFERRI,45.0,POINT (721489.377573652 4375519.635020823),0.00037580114530973944,0.00040184175146645287,0.001707671406005531
369,46009061,educacion,CEIP CAMI DE L'HORTA,PÚB.,BENIMAMET-BENIFERRI,10.0,POINT (721967.0203781433 4374793.990788421),0.008237336182547537,0.001738914696824996,0.33333994343418266
370,46009071,educacion,CEIP BENIMÀMET,PÚB.,BENIMAMET-BENIFERRI,34.0,POINT (722535.5983220595 4375591.306061364),0.0038291353322990967,0.0019280428441792574,0.00927713056936633
371,46009150,educacion,CENTRE PRIVAT NUESTRA SEÑORA DEL ROSARIO,PRIV. CONC.,VALÈNCIA,15.0,POINT (726804.164295533 4367616.520141184),0.15714485834075545,0.18333519439500034,0.0009081092128996852
372,46009216,educacion,CEIP JOSÉ SENENT,PÚB.,MASARROCHOS,6.0,POINT (722946.205272813 4379997.379018157),0.006024143233274309,0.0013483311222426094,0.008982124301096864
373,46009368,educacion,CENTRE PRIVAT MARTÍ SOROLLA,PRIV. CONC.,VALÈNCIA,73.0,POINT (725852.1350443445 4370192.626106921),0.0024300481002162903,0.0011215526412241402,0.0048204738122781055
374,46009371,educacion,CENTRE PRIVAT ESCUELAS PÍAS,PRIV. CONC.,VALÈNCIA,57.0,POINT (725164.3280137606 4372652.173857285),0.0005471188885426907,0.008835519891113447,0.0007615336093248358
375,46009460,educacion,CENTRE PRIVAT SAGRADO CORAZÓN DE JESÚS -CARMELITAS-,PRIV. CONC.,VALÈNCIA,10.0,POINT (725787.3007752062 4373209.459520452),0.0009445224967194961,0.0011897812843086964,0.00014629790382038375
376,46009472,educacion,CENTRE PRIVAT GRAN ASOCIACIÓN,PRIV. CONC.,VALÈNCIA,25.0,POINT (725519.3870146805 4373297.64199502),0.00048570498164672045,0.012951523725553134,0.0008408573595941353
377,46009526,educacion,CENTRE PRIVAT ESCOLANÍA NTRA.SRA.DESAMPARADOS,PRIV. CONC.,VALÈNCIA,3.0,POINT (726104.3995617293 4372837.53449694),0.003150096815962089,0.0030858293515694337,0.00015798002594243757
378,46009708,educacion,CENTRE PRIVAT SAN JOSÉ HH. FRANCISCANAS DE LA INMACULADA,PRIV. CONC.,VALÈNCIA,7.0,POINT (726366.7332636786 4371461.587991853),0.014736452837766818,0.007568693904595374,8.588569286147186e-05
379,46009711,educacion,CENTRE PRIVAT SAN VICENTE FERRER-DOMINICOS,PRIV. CONC.,VALÈNCIA,75.0,POINT (726296.1177979144 4371957.019467804),0.016382909321841856,0.004808694516080361,0.0008913036260942067
380,46009721,educacion,CENTRE PRIVAT NUESTRA SEÑORA DE LORETO,PRIV. CONC.,VALÈNCIA,75.0,POINT (726916.6286666507 4371551.216186119),0.002870869803548487,0.001531125676696014,0.002534508082988922
381,46009733,educacion,CENTRE PRIVAT SAGRADO CORAZÓN HH. MARISTAS,PRIV. CONC.,VALÈNCIA,75.0,POINT (726822.9737194229 4371697.012284016),0.007639189087515228,0.0007541536198306481,0.0025987929771105604
382,46009812,educacion,CENTRE PRIVAT LICEO CORBI,PRIV. CONC.,VALÈNCIA,31.0,POINT (726871.6618753201 4371163.390297854),0.0007614753901516571,0.00015863149481266397,0.0011207703944066361
383,46009824,educacion,CENTRE PRIVAT GRUPO EDUCATIVO SAN LUIS,PRIV. CONC.,VALÈNCIA,25.0,POINT (726392.6728707693 4370888.972528448),0.01603400244587994,0.0006947577863979239,0.0008658128537820187
384,46009964,educacion,CENTRE PRIVAT LUIS DE SANTÁNGEL,PRIV. CONC.,VALÈNCIA,22.0,POINT (724820.3110123272 4370219.517954815),0.004771966418501599,0.007848271426156185,0.001421946454889555
385,46010127,educacion,CENTRE PRIVAT SANTO TOMÁS DE VILLANUEVA,PRIV. CONC.,VALÈNCIA,75.0,POINT (725170.7289378156 4371637.829039463),0.0007654122434533244,0.0002595341136080653,0.0008259734442337784
386,46010164,educacion,CENTRE PRIVAT NUESTRA SEÑORA DEL SOCORRO,PRIV. CONC.,VALÈNCIA,22.0,POINT (724907.9961285024 4371679.526010165),0.0024899205742387807,0.00018665764939367212,0.00036245179699616407
387,46010191,educacion,CENTRE PRIVAT ESCLAVAS DE MARÍA,PRIV. CONC.,VALÈNCIA,72.0,POINT (724276.6478262985 4371675.8927988745),0.0014353017237962338,0.006163396020544467,0.002060474790494403
388,46010221,educacion,CENTRE PRIVAT JESÚS MARÍA,PRIV. CONC.,VALÈNCIA,74.0,POINT (724762.9574998738 4372496.76034989),0.0010473244221041247,0.0018439909918363934,0.000816937467094132
389,46010231,educacion,CENTRE PRIVAT ESCOLÀPIES VALÈNCIA,PRIV. CONC.,VALÈNCIA,74.0,POINT (724857.933982112 4372300.765674642),0.0020006980072763652,0.0008868048845729664,0.0006235370310888175
390,46010243,educacion,CENTRE PRIVAT INMACULADO CORAZÓN DE MARÍA,PRIV. CONC.,VALÈNCIA,50.0,POINT (724184.9725038948 4372594.330659379),0.0018584426191359791,0.004928353821376322,0.0013356021848665552
391,46010255,educacion,CENTRE PRIVAT SAN PEDRO PASCUAL,PRIV. CONC.,VALÈNCIA,73.0,POINT (724269.3835137984 4372566.444768719),0.0026250765742098325,0.004879224941601624,0.0013535808868058977
392,46010267,educacion,CENTRE PRIVAT LA PURÍSIMA-FRANCISCANAS,PRIV. CONC.,VALÈNCIA,47.0,POINT (723228.291949157 4371507.199595386),0.03623255450042796,0.006737233187435616,0.0018010788634588363
393,46010553,educacion,CENTRE PRIVAT NUESTRA SEÑORA DE FÁTIMA,PRIV. CONC.,VALÈNCIA,26.0,POINT (723270.8011103158 4371974.464409769),0.010896403915583467,0.0019893678094118875,0.0007719873456753894
394,46010577,educacion,CENTRE PRIVAT MERCERATOR,PRIV. CONC.,VALÈNCIA,20.0,POINT (726091.5427681126 4374876.021192188),0.009673302391693707,0.0016966081546303656,0.0004721173497241125
395,46010620,educacion,CENTRE PRIVAT LUZ CASANOVA,PRIV. CONC.,VALÈNCIA,22.0,POINT (725882.6509305235 4374264.664286772),0.004056094284723254,0.0014026268493177352,0.0008781526426761266
396,46010668,educacion,CENTRE PRIVAT MANTELLATE,PRIV. CONC.,VALÈNCIA,22.0,POINT (724790.6287453356 4374005.581294502),0.0028309420770427605,0.001028521017174644,0.00046029715065370384
397,46010723,educacion,CENTRE PRIVAT NUESTRA SEÑORA DEL CARMEN-S.VICENTE PAÚL,PRIV. CONC.,VALÈNCIA,50.0,POINT (724315.1012158864 4374480.724226861),0.001296522815479066,0.0034115610308323276,0.004621996962941661
398,46010735,educacion,CENTRE PRIVAT MERCURIO,PRIV. CONC.,VALÈNCIA,22.0,POINT (725753.0697337007 4373955.478844344),0.0017025302699580232,0.001414848304319646,0.000328422479521871
399,46010747,educacion,CENTRE PRIVAT MARÍA INMACULADA,PRIV. CONC.,VALÈNCIA,25.0,POINT (724690.5896962729 4373697.274719021),0.006268918029042484,0.0018173473043128438,0.0014780954996067375
400,46010772,educacion,CENTRE PRIVAT HERMES SOCIEDAD COOPERATIVA VALENCIANA,PRIV. CONC.,VALÈNCIA,25.0,POINT (724453.8548460228 4371334.2947815955),0.0018271430524230236,0.0011274633951160729,0.002668131271478282
401,46010796,educacion,CENTRE PRIVAT MARÍA AUXILIADORA,PRIV. CONC.,VALÈNCIA,50.0,POINT (725865.3414384924 4374778.318274508),0.017271661966642735,0.0012101679122596806,0.0005833499688432876
402,46010802,educacion,CENTRE PRIVAT SANTÍSIMA TRINIDAD,PRIV. CONC.,VALÈNCIA,52.0,POINT (725559.8823546774 4373754.762952064),0.00019650446457800173,0.0016770064145987592,0.0011268985920320665
403,46010826,educacion,CENTRE PRIVAT SANTIAGO APÓSTOL MARXALENES,PRIV. CONC.,VALÈNCIA,24.0,POINT (725216.7297031565 4373932.418026183),0.7500173729335773,0.001219798721615583,0.0008193501762628368
404,46010863,educacion,CENTRE PRIVAT SAN JUAN BOSCO,PRIV. CONC.,VALÈNCIA,16.0,POINT (724843.3272598593 4373622.607183533),0.007902158500917083,0.0012956101595362807,0.0005178624207209002
405,46010905,educacion,CENTRE PRIVAT SALESIANOS SAN ANTONIO ABAD,PRIV. CONC.,VALÈNCIA,100.0,POINT (725833.056096123 4374619.173658631),0.003338953194980288,0.0038136025894126226,0.000962902596819231
406,46010930,educacion,CENTRE PRIVAT SAGRADA FAMILIA,PRIV. CONC.,VALÈNCIA,50.0,POINT (727282.4030247933 4374513.49143661),0.022973291232625846,0.0020786247252182134,0.008275550130864107
407,46011028,educacion,CENTRE PRIVAT CLARET,PRIV. CONC.,VALÈNCIA,24.0,POINT (726892.7267565028 4373819.473357722),0.009500112641313944,0.0012566767279429687,0.0013527430446246742
408,46011065,educacion,CENTRE PRIVAT SAN JOSÉ DE CALASANZ,PRIV. CONC.,VALÈNCIA,74.0,POINT (726672.980440905 4372932.586233227),0.027917707335942094,0.004508868145768469,0.0033199340404702713
409,46011077,educacion,CENTRE PRIVAT SAGRADO CORAZÓN DE JESÚS -ESCLAVAS-,PRIV. CONC.,VALÈNCIA,50.0,POINT (726523.4949652418 4373000.871371113),0.21000147677084433,0.0019470639540835244,0.001121700263639471
410,46011089,educacion,CENTRE PRIVAT GUADALAVIAR,PRIV. CONC.,VALÈNCIA,50.0,POINT (727493.1986359812 4372902.303754166),0.0007752015906048102,0.0006319189234552141,0.0012638045865332838
411,46011107,educacion,CENTRE PRIVAT PÍO XII,PRIV. CONC.,VALÈNCIA,66.0,POINT (726075.6127073272 4373428.510017672),0.001830519504334539,0.0053781796854675155,0.004166765214557222
412,46011119,educacion,CENTRE PRIVAT NUESTRA SEÑORA DEL PILAR,PRIV. CONC.,VALÈNCIA,76.0,POINT (727500.5396053971 4372998.286517556),0.002772670845470668,0.0016913603966066304,0.002751189174211011
413,46011181,educacion,CEIP BENIMACLET,PÚB.,VALÈNCIA,40.0,POINT (727390.1011006674 4374132.140184445),0.019113368856366136,0.0022359776039916914,0.0012781351173455514
414,46011223,educacion,CENTRE PRIVAT ENGEBA,PRIV. CONC.,VALÈNCIA,24.0,POINT (727755.5663242801 4371976.115387055),0.002586236861067761,0.0018932290235732117,0.0009993921200967563
415,46011314,educacion,CENTRE PRIVAT LA PURÍSIMA,PRIV. CONC.,VALÈNCIA,15.0,POINT (729353.1286744433 4371420.183662937),0.0024836957793416166,0.0006849385672349607,0.0014092721408380594
416,46011387,educacion,CENTRE PRIVAT ESCUELAS PÍAS-MALVARROSA,PRIV. CONC.,VALÈNCIA,40.0,POINT (729686.6704142479 4373647.859772872),0.0925941695698141,0.0022320436584092034,0.002382109334743758
417,46011478,educacion,CENTRE PRIVAT PUREZA DE MARÍA,PRIV. CONC.,VALÈNCIA,52.0,POINT (729483.2001300638 4371866.992158838),0.010233993394690345,0.003125037574159921,0.0015960883187948382
418,46011481,educacion,CENTRE PRIVAT CHINER VILLARROYA,PRIV. CONC.,VALÈNCIA,16.0,POINT (729384.9058183157 4372668.117122146),0.0059347876298760415,0.0013342901760940318,0.00020579582783283775
419,46011491,educacion,CENTRE PRIVAT TRAFALGAR,PRIV. CONC.,VALÈNCIA,50.0,POINT (728600.9426523852 4371359.630998903),0,0.002781575097736954,0.00488477625678025
420,46011508,educacion,CENTRE PRIVAT SANTA ANA,PRIV. CONC.,VALÈNCIA,74.0,POINT (727563.7545065021 4371951.148709079),0.0024173297308412913,0.001511103101323836,0.0026538882150160966
421,46011511,educacion,CENTRE PRIVAT LA ANUNCIACIÓN,PRIV. CONC.,VALÈNCIA,74.0,POINT (728395.6707879204 4371644.770667959),0.0013416986889210113,0.001145345637270579,0.0034188479434701814
422,46011533,educacion,CEIP MALVA-ROSA,PÚB.,VALÈNCIA,4.0,POINT (729746.0693057375 4373595.848610014),0.0029988854929839577,0.003019351010105265,0.00013611122757358244
423,46011569,educacion,CEIP PROFESOR SANTIAGO GRISOLIA,PÚB.,VALÈNCIA,38.0,POINT (728674.2010533665 4372276.921223392),0.0012745547519701142,0.011786782779989862,0.002235320222062975
424,46011570,educacion,CEIP EL GRAU,PÚB.,VALÈNCIA,17.0,POINT (728731.8201941894 4371091.964704551),0.00041870615086375695,0.00010484605340833811,0.011303421045687828
425,46011612,educacion,CENTRE PRIVAT AVE MARÍA DE PEÑARROCHA,PRIV. CONC.,VALÈNCIA,50.0,POINT (727684.5080267543 4371235.1094836965),0.0007596769113946394,0.0002841328128606183,0.0031861919979305616
426,46011624,educacion,CENTRE PRIVAT SANTIAGO APÓSTOL CABANYAL,PRIV. CONC.,VALÈNCIA,14.0,POINT (729681.057898243 4372797.658518089),0.0007085291149478132,0.0033854537214897647,0.0002490032068100532
427,46011661,educacion,CENTRE PRIVAT NUESTRA SEÑORA DE LOS DESAMPARADOS,PRIV. CONC.,VALÈNCIA,16.0,POINT (729475.3934054689 4370039.047298627),0.001465504964528579,0.001645927643250478,0.0006764838028474432
428,46011697,educacion,CENTRE PRIVAT SANTA MAGDALENA SOFÍA,PRIV. CONC.,VALÈNCIA,22.0,POINT (728923.0242920797 4369732.304443653),0.014295186469438642,0.01404870016107483,0.08302005434522298
429,46011776,educacion,CENTRE PRIVAT SOM ESCOLA,PRIV. CONC.,VALÈNCIA,19.0,POINT (723125.4895402344 4372302.116914784),0.0016742291990759703,0.003062823325718316,0.0004691928062646804
430,46011791,educacion,CENTRE PRIVAT SANTA CRUZ,PRIV. CONC.,MISLATA,18.0,POINT (722609.1251300018 4372341.3661001865),0.0017968089095744644,0.019214287778130196,0.0005299654433948166
431,46011818,educacion,CENTRE PRIVAT SALGUI,PRIV. CONC.,VALÈNCIA,22.0,POINT (724488.7256478847 4369395.249613085),0.004189482669545494,0.0029744685596164427,0.00396259207100318
432,46011831,educacion,CEIP IVAF-LUIS FORTICH,PÚB.,VALÈNCIA,16.0,POINT (724029.4881270615 4370341.826815721),0.0010346098839456427,0.0009104606283914799,0.00310805328768081
433,46011867,educacion,CENTRE PRIVAT SANTA MARÍA,PRIV. CONC.,VALÈNCIA,48.0,POINT (723107.7588947406 4371739.692326503),0.022392173727395773,0.004003403155199765,0.0010957113447702847
434,46011879,educacion,CENTRE PRIVAT PUREZA DE MARÍA,PRIV. CONC.,VALÈNCIA,75.0,POINT (722829.721910189 4372146.62764487),0.001575493677083444,0.0012722856085947594,0.001929447214239217
435,46011892,educacion,CENTRE PRIVAT CLARET FUENSANTA,PRIV. CONC.,VALÈNCIA,21.0,POINT (722909.0025783351 4371623.545155477),0.015378465643256302,0.0006090685807153423,0.0021229702663719094
436,46011910,educacion,CENTRE PRIVAT SAN MARCELINO,PRIV. CONC.,VALÈNCIA,21.0,POINT (724468.6941449539 4369230.249251819),0.0079297413606187,0.0006319003013030636,0.0042339174429504335
437,46011922,educacion,CENTRE PRIVAT JESÚS MARÍA-FUENSANTA,PRIV. CONC.,VALÈNCIA,20.0,POINT (722832.6641535141 4371547.250164614),0.0020621281838986596,0.0014234098314394555,0.0014628748533802786
438,46011961,educacion,CENTRE PRIVAT NIÑO JESÚS,PRIV. CONC.,VALÈNCIA,45.0,POINT (723378.9519441405 4374356.6726236865),0.003963589411512852,0.003422257968390235,0.052448458587790965
439,46011971,educacion,CENTRE PRIVAT MARJO,PRIV. CONC.,VALÈNCIA,15.0,POINT (724136.6986146586 4374740.965115619),0.0030715978966011836,0.0027466336924581057,0.0003211207819561603
440,46012011,educacion,CENTRE PRIVAT SAGRADA FAMILIA,PRIV. CONC.,VALÈNCIA,46.0,POINT (723389.7085769328 4374174.787416435),0.004345293773654841,0.004173678370409113,0.038851762543929275
441,46012021,educacion,CENTRE PRIVAT MARNI,PRIV. CONC.,VALÈNCIA,93.0,POINT (726282.1327087756 4375146.447328648),0.010139551087836455,0.002399264005456121,0.0028391279698601803
442,46012070,educacion,CENTRE PRIVAT SAN ROQUE,PRIV. CONC.,VALÈNCIA,47.0,POINT (724392.2391973273 4374510.06688482),0.0010868664208135467,0.0024085156745847114,0.0008616394633598752
443,46012094,educacion,CENTRE PRIVAT ESCUELAS SAN JOSÉ (I. POLIT.),PRIV. CONC.,VALÈNCIA,111.0,POINT (723793.1059855443 4374040.234679095),0.006485127903468649,0.002313385542154291,0.0026200888901205554
444,46012136,educacion,CEIP SANTA TERESA,PÚB.,VALÈNCIA,23.0,POINT (725226.5548622841 4373186.0236462895),0.002002372953883382,0.0016334395251126556,0.0011053566454512702
445,46012151,educacion,CEIP SAN JUAN DE RIBERA,PÚB.,VALÈNCIA,25.0,POINT (725896.2639311788 4371816.813142642),0.011191469351323553,0.0001599657436549888,0.0008157030539201912
446,46012197,educacion,CEIP JAIME BALMES,PÚB.,VALÈNCIA,41.0,POINT (726276.7251431997 4371252.763038815),0.011904894650962667,0.0016501881442258796,0.0004096136869270702
447,46012227,educacion,CEIP MONTOLIVET,PÚB.,VALÈNCIA,40.0,POINT (727101.4088257179 4371172.896129573),0.001841267746015587,0.004967024047215322,0.002219185278304238
448,46012240,educacion,CEIP JESÚS,PÚB.,VALÈNCIA,20.0,POINT (724569.9918444754 4370847.95053628),0.0014997566593588903,0.0032264112932911975,0.00032160049562717804
449,46012252,educacion,CEIP SANTO ÁNGEL DE LA GUARDA,PÚB.,VALÈNCIA,16.0,POINT (724221.3487839741 4370041.973625775),0.003822670407401757,0.0017844540800670348,0.0003358161724645877
450,46012306,educacion,CEIP LUIS VIVES,PÚB.,VALÈNCIA,23.0,POINT (724968.8787554881 4372008.693067045),0.0033181767855913155,0.0019284973568052517,0.00018941600312771643
451,46012321,educacion,CEIP SECTOR AÉREO,PÚB.,VALÈNCIA,20.0,POINT (723673.1082718194 4371860.530169896),0.003918857436374928,0.0020516755848865235,0.0005046792082454797
452,46012343,educacion,CEIP CERVANTES,PÚB.,VALÈNCIA,46.0,POINT (725002.5412157791 4372990.205011466),0.004037026489058113,0.00041021988423119664,0.0007521999472183652
453,46012355,educacion,CEIP GASPAR GIL POLO,PÚB.,VALÈNCIA,19.0,POINT (723439.914617857 4371852.0249665),0.0017361249032008111,0.0033846915445392735,0.002493476246087664
454,46012367,educacion,CEIP TEODORO LLORENTE,PÚB.,VALÈNCIA,46.0,POINT (724606.618446022 4372213.820428556),0.005882417899015586,0.0012681106350510443,0.0003873565883241386
455,46012392,educacion,CEIP DOCTOR OLÓRIZ,PÚB.,VALÈNCIA,20.0,POINT (725291.2263786889 4373815.933727389),0.0021662150456129617,0.0007689460059592558,0.005032799285749902
456,46012446,educacion,CEIP TORREFIEL,PÚB.,VALÈNCIA,40.0,POINT (725457.6427551395 4375033.62284028),0.03267387183878602,0.0029457350418668317,0.0005826322132598457
457,46012458,educacion,CEIP MIGUEL HERNÁNDEZ,PÚB.,VALÈNCIA,22.0,POINT (726422.3882296388 4374989.123040342),0.010315032995871524,0.003219399884387896,0.0011014508457996984
458,46012471,educacion,CEIP SAN FERNANDO,PÚB.,VALÈNCIA,13.0,POINT (726333.9320871795 4373975.100905979),0.002249321949058382,0.0021778838812579076,0.00033568968550362356
459,46012525,educacion,CEP PRIMER MARQUÉS DEL TURIA,PÚB.,VALÈNCIA,22.0,POINT (726906.5913044572 4372543.805204087),0.00039331804892361985,0.0003832378251433464,0.0013603989531310071
460,46012537,educacion,CEIP AUSIÀS MARCH,PÚB.,VALÈNCIA,6.0,POINT (729529.8055342531 4370130.093656986),0.007610475217525791,0.003527384122828602,0.0002991050485173318
461,46012586,educacion,CEIP BALLESTER FANDOS,PÚB.,VALÈNCIA,8.0,POINT (729806.6515946744 4373382.109442822),0.0031250377020832095,0.007181820460776462,0.00018085452823643171
462,46012598,educacion,CEIP NUESTRA SEÑORA DEL CARMEN,PÚB.,VALÈNCIA,9.0,POINT (729161.9823803008 4372781.508226),0.00198820147119967,0.0002207528886020888,0.00036022124181271897
463,46012604,educacion,CEIP LES ARENES,PÚB.,VALÈNCIA,14.0,POINT (729918.6204854196 4372014.220440545),0.008573519019377708,0.022516880200942096,0.0002257918421990445
464,46012616,educacion,CEIP JAUME I,PÚB.,VALÈNCIA,11.0,POINT (728677.4132305152 4371841.282410395),0.0008383203529453443,0,0.0003762669153235617
465,46012628,educacion,CEIP SAN JOSÉ DE CALASANZ,PÚB.,VALÈNCIA,10.0,POINT (729240.9739144085 4371068.788261528),0.003088013910611918,0.02261932735054672,0.000910266673973681
466,46012631,educacion,CEIP SAN PEDRO,PÚB.,VALÈNCIA,14.0,POINT (729048.0762615268 4372181.197479138),0.000311040034892997,0.002722601262981819,0.000742481484140598
467,46012641,educacion,CEIP CAVITE-ISLA DE HIERRO,PÚB.,VALÈNCIA,25.0,POINT (729899.6283110641 4372935.685904142),0.00287454091355793,0.013245225673708607,0.0008049086381471302
468,46012689,educacion,CEIP FORN D'ALCEDO,PÚB.,HORNO DE ALCEDO,16.0,POINT (726049.4283802704 4368050.879948171),0.010416778543457763,0.0026229833935126298,0.022222373120653643
469,46012732,educacion,CEIP LES ARTS,PÚB.,VALÈNCIA,42.0,POINT (727011.8849915648 4370136.285958119),0.001394442202245999,0.003120696124497096,0.2048795440824947
470,46012768,educacion,CEIP PADRE MANJÓN,PÚB.,VALÈNCIA,5.0,POINT (724298.451062168 4368150.038595773),0.007268824643424368,0.0004360895582515899,0.0017618186006227758
471,46012771,educacion,CEIP RODRÍGUEZ FORNOS,PÚB.,VALÈNCIA,71.0,POINT (723943.3676674035 4371125.666922976),0.0006985742945265601,0.0003172377394460041,0.006421951093968253
472,46012811,educacion,CEIP SALVADOR TUSET,PÚB.,VALÈNCIA,36.0,POINT (724348.9874035127 4374553.029617054),0.003851732569335312,0.0035461635274950816,0.0006531778168435926
473,46012823,educacion,CEIP CIUTAT ARTISTA FALLER,PÚB.,VALÈNCIA,17.0,POINT (724139.9288719668 4375473.624227038),0.0005588878175134454,0.0009305547496433196,0.004476102422797242
474,46012938,educacion,CENTRE PRIVAT ESCUELAS PROFESIONALES DE ARTESANOS,PRIV. CONC.,VALÈNCIA,19.0,POINT (726313.9447100165 4371544.146922004),0.0020753717221782698,0.00032017580191523904,0.0002549806173060286
475,46013074,educacion,CENTRE PRIVAT HOGAR NUESTRA SEÑORA DEL ROSARIO,PRIV. CONC.,VALÈNCIA,37.0,POINT (729478.8444208081 4371795.980957801),0.009311093799166571,0.008256401805362502,0.0015694762990767358
476,46013116,educacion,CENTRE PRIVAT SALESIANOS-SAN JUAN BOSCO,PRIV. CONC.,VALÈNCIA,99.0,POINT (726274.4962114062 4370411.581743241),0.029586296214226995,0.13770679013914916,0.0035761406323956122
477,46013426,educacion,CEIP RAQUEL PAYA,PÚB.,VALÈNCIA,9.0,POINT (723444.1191383438 4371765.936946782),0.0027741057956393975,0.0073261131668088154,0.001216565612473594
478,46013438,educacion,CEIP ALMUDENA MUÑOZ,PÚB.,VALÈNCIA,11.0,POINT (726999.1121979139 4370604.855652955),0.0008171691224596292,0.0022452082937572176,0.0004887678238535911
479,46013441,educacion,CEIP FAUSTO MARTÍNEZ,PÚB.,VALÈNCIA,18.0,POINT (724681.6025237546 4369436.274708772),0.0006925278255153396,0.0010548650651149075,0.0035658084859159227
480,46013451,educacion,CEIP JOSÉ SOTO MICÓ,PÚB.,VALÈNCIA,48.0,POINT (724537.910048017 4370028.804656681),0.9091137687228447,0.0015053004859116176,0.002064550781720939
481,46013463,educacion,CEIP SARA FERNÁNDEZ,PÚB.,VALÈNCIA,17.0,POINT (724446.4857108591 4369527.340927836),0.0004866243793732385,0.004490018163877971,0.0015965742190668312
482,46013475,educacion,CEIP 8 DE MARÇ,PÚB.,VALÈNCIA,50.0,POINT (724027.4381540613 4371604.582533855),0.004619609331085404,0.003108053441309641,0.0016137618227280263
483,46013487,educacion,CEIP VICENTE BLASCO IBÁÑEZ,PÚB.,VALÈNCIA,18.0,POINT (730028.1372665935 4373427.12536229),0.0018656940936563446,0.027985650325954636,0.0008023303108845961
484,46013499,educacion,CEIP DOCTOR BARCIA GOYANES,PÚB.,VALÈNCIA,23.0,POINT (723998.9369367186 4372206.22679249),0.004884584455596216,0.0019337272463888198,0.0010023252941293618
485,46013505,educacion,CEIP VIVERS,PÚB.,VALÈNCIA,23.0,POINT (726385.811600412 4373749.4223417835),0.0022478246591941687,0.008975201190073934,0.0016813128492736832
486,46013517,educacion,CEIP LA FONTETA,PÚB.,VALÈNCIA,16.0,POINT (726737.9584602593 4369418.580299774),0.013605567975125953,0.011721734000670945,0.009627058618223728
491,46013980,educacion,CENTRE PRIVAT SAN FRANCISCO Y SANTO DOMINGO,PRIV. CONC.,VILAMARXANT,22.0,POINT (704278.5817925942 4382587.069670485),0.002994452295572535,0.015873270908257204,0.0017439769511684894
492,46014017,educacion,CEIP HORTA MAJOR,PÚB.,VILAMARXANT,40.0,POINT (704163.8723806072 4382844.957560499),0.005128278069969806,0.06315889770876908,0.0041391240379282795
498,46014108,educacion,CEIP JOSÉ BLAT GIMENO,PÚB.,VINALESA,7.0,POINT (725972.2057200756 4379908.170550906),0.2333386166373231,0.028834737317873133,0.005147132907849954
500,46014170,educacion,CENTRE PRIVAT SANTA TERESA DE JESÚS,PRIV. CONC.,MONTE VEDAT,71.0,POINT (716614.0167103774 4367322.369043153),0.006088991395413358,0.00251719288461306,0.01815877842925032
501,46014200,educacion,CEIP JOAN FUSTER,PÚB.,MANISES,29.0,POINT (718986.0411855537 4373873.361053261),0.0046719128621355846,0.007548046521408412,0.0008329199746546807
502,46014212,educacion,CENTRE PRIVAT ARGOS,PRIV. CONC.,VALÈNCIA,50.0,POINT (723644.4551904437 4375219.659097103),0.004356282264177999,0.0008564329143145079,0.006804710527472933
503,46014315,educacion,CEIP JAIME I EL CONQUISTADOR,PÚB.,PATERNA,15.0,POINT (720429.3798625022 4376390.664435932),0.022732143057815634,0.5357403216422674,0.05208416183753209
504,46014364,educacion,CEIP VILA D'ALAQUÀS,PÚB.,ALAQUÀS,19.0,POINT (718340.7578172823 4370611.330910656),0.03571454615007236,0.0018857244621912437,0.00016709168173962497
505,46014844,educacion,CEIP EL POUET-NUESTRA SEÑORA DE LOS DESAMPARADOS,PÚB.,BURJASSOT,8.0,POINT (723246.5390478207 4376034.60800216),0.0017501051050559683,0.0017367321571550743,0.00030010364072193874
506,46014856,educacion,CEIP NICOLAU PRIMITIU GÓMEZ SERRANO,PÚB.,VALÈNCIA,9.0,POINT (723416.6556556874 4370424.348783127),0.0026676696202761804,0.0014134919708446237,0.0013146612938210866
507,46014868,educacion,CEIP 9 D'OCTUBRE,PÚB.,VALÈNCIA,22.0,POINT (723800.112188163 4372602.978001521),0.004707785015537208,0.00043143674840291423,0.0005258213460501799
508,46014871,educacion,CEIP TRULLÁS,PÚB.,BENIFAIÓ,34.0,POINT (721989.2933724361 4350887.59755647),0.0009916959791037652,0.0004096489855425001,0.004675544043272464
510,46014901,educacion,CEIP MAESTRO SERRANO - MARÍA MOLINER,PÚB.,MISLATA,26.0,POINT (721922.3245872158 4372334.327661555),0.2583380459822446,0.006659146630160404,0.006069177880156337
511,46014911,educacion,CEIP LUIS VIVES,PÚB.,SILLA,13.0,POINT (723227.2477259386 4360097.36568388),0.01291808048390935,0.001951233659430261,0.0008352724160056533
513,46014959,educacion,CEIP JOSÉ MARÍA OLTRA,PÚB.,MONCADA,18.0,POINT (723889.4984609192 4380931.751241596),0.00046948712290909337,0.015815325458783076,0.0012465524179530456
514,46014984,educacion,CEIP ERES ALTES,PÚB.,RIBA-ROJA DE TÚRIA,24.0,POINT (709329.4482621569 4380360.508801009),0.003703729767017202,0.028060152072471423,0.0067454481079464845
515,46015022,educacion,CEIP VICENTE BLASCO IBÁÑEZ,PÚB.,ALGINET,37.0,POINT (718201.6327560715 4348374.307331533),0.000969454900288317,0.006083727122636219,0.002077050480238012
516,46015058,educacion,CEIP PINEDO,PÚB.,PINEDO,44.0,POINT (729376.4101837634 4367009.424848475),0.23636840574173337,0.26000453469727525,0.008856818921081326
517,46015061,educacion,CEIP VICENTE BLASCO IBÁÑEZ,PÚB.,ALDAIA,28.0,POINT (718434.0154802948 4372227.641088737),0.009873781951105323,0.002466282257452183,0.0012826600221031365
518,46015071,educacion,CEIP PLATERO Y YO,PÚB.,ALDAIA,47.0,POINT (718634.8819427567 4371394.580561093),0.004174743043201683,0.0016214617378321075,0.0008605881879615904
520,46015149,educacion,CEIP LLUÍS VIVES,PÚB.,PAIPORTA,5.0,POINT (721690.2333855797 4367456.066258198),0.003625419717517389,0.002565715569186638,0.00011204608680419911
521,46015186,educacion,CEIP CAMPANAR,PÚB.,VALÈNCIA,42.0,POINT (723970.8651085517 4373570.108230623),0.0047945644507196,0.0005201621036557174,0.0014781098354020587
525,46015472,educacion,CEIP JAUME I,PÚB.,PUÇOL,34.0,POINT (730671.7437312752 4388583.821961086),0.018282809873523972,0.000196978484324601,0.0037330167509129234
526,46015502,educacion,CEIP PINTOR TEODORO ANDREU,PÚB.,ALZIRA,20.0,POINT (722537.0782142653 4337099.42389112),0.026479341773112952,0.014361498772713562,0
527,46015514,educacion,CEIP LA FILA,PÚB.,ALFAFAR,31.0,POINT (724823.6719031504 4366429.383499003),0.004984501104369007,0.001914355359812391,0.0014566496445088102
528,46015563,educacion,CEIP REI EN JAUME,PÚB.,XIRIVELLA,36.0,POINT (721075.8268681766 4371955.632179541),0.020000268813039727,0.007418478082860744,0.0007903541567762277
529,46015599,educacion,CEIP EL CRIST,PÚB.,MELIANA,8.0,POINT (728470.4876768138 4378659.291462537),0.3000037361725075,0.021089966944937824,0.004535197840615581
530,46015605,educacion,CEIP EL CID,PÚB.,MISLATA,29.0,POINT (721867.341384303 4372236.879751023),0.008719593397947605,0.008355444134872271,0.0037199191633105286
531,46015617,educacion,CEIP DOCTOR VICENTE TRENCO,PÚB.,MONCADA,20.0,POINT (723096.1429565244 4380429.091003031),0.08649870742758259,0.00011204608680419911,0.0018099759701539833
533,46015630,educacion,CEIP JAUME I,PÚB.,PAIPORTA,19.0,POINT (722476.1151907126 4366507.165828985),0.00040584881658328216,0.0048463994890099605,0.015815325458783076
534,46015642,educacion,CEIP AUSIÀS MARCH,PÚB.,PICANYA,38.0,POINT (720329.0212413255 4368268.3608639),0.017241567424779666,4.583413366717142,0.0024836847011125963
535,46015666,educacion,CEIP VICTORIA Y JOAQUIN RODRIGO,PÚB.,PUERTO SAGUNTO (EL),39.0,POINT (737089.7493541093 4394206.653203538),0.01178974367144198,0.00037537888287949114,0.0070922912671406565
536,46015678,educacion,CEIP REIS CATÒLICS,PÚB.,SILLA,33.0,POINT (723252.8270575997 4360768.428469515),0.0018604829852579292,0.0008399012995886217,0.0026934728762376707
538,46015691,educacion,CEIP LLUÍS DE SANTÀNGEL,PÚB.,SALER (EL),43.0,POINT (729895.2244956235 4362592.344032472),0.0007770846263288261,0.47778551226717736,0
539,46015782,educacion,CEIP ANGELINA CARNICER,PÚB.,VALÈNCIA,20.0,POINT (727842.9825325708 4372221.658781769),0.004010742119653881,0.000297025386001242,0.0006185541780075171
540,46015800,educacion,CEIP RAFAEL MATEU CÁMARA,PÚB.,VALÈNCIA,25.0,POINT (725507.6861132908 4370518.999082504),0.0018811281861803794,0.01225309300236684,0.004329838388421651
541,46015851,educacion,CENTRE PRIVAT CONCHA ESPINA II,PRIV. CONC.,VALÈNCIA,48.0,POINT (724998.3471742618 4370367.551751035),0.0018807111412454264,0.012682588128000683,0.0020266327511856337
542,46015873,educacion,CEIP TOMÁS DE VILLARROYA,PÚB.,VALÈNCIA,7.0,POINT (724290.2603151223 4369883.879050324),0.002401783087702002,0.00473278100870166,0.00018071882989480103
543,46015885,educacion,CEIP PARE CATALÀ,PÚB.,VALÈNCIA,8.0,POINT (727448.3576720706 4373863.325177211),0.001535103215161209,0.0010866336577541487,0.0004945374421079297
544,46015927,educacion,CEIP AUSIÀS MARCH,PÚB.,ALBORAIA,19.0,POINT (727526.3096080985 4375484.663514736),1.0833422407452444,0.33333994343418266,0.001552811444077907
545,46016051,educacion,CEIP ANTONIO GARCÍA LÓPEZ,PÚB.,VALÈNCIA,16.0,POINT (728334.1363822888 4372108.130782366),0.0021885713054957926,0.00044843591740064456,0.00040884709024804346
546,46016063,educacion,CENTRE PRIVAT VIRGEN AL PIE DE LA CRUZ,PRIV. CONC.,PUÇOL,24.0,POINT (730679.5416958326 4388969.257619191),0.008607121364216548,0.04371666277676155,0.002791383500721946
547,46016105,educacion,CEIP FERNANDO DE LOS RIOS,PÚB.,VALÈNCIA,23.0,POINT (725759.3109241835 4370366.343818731),0.003720281514054749,0.0001707963529922139,0.0009885028863449218
548,46016117,educacion,CEIP MAESTRO SANCHIS ALMIÑANO,PÚB.,ALAQUÀS,38.0,POINT (718348.2310335527 4370092.200425925),0.013670297211257844,0.001723167824273766,0.0026989243517857122
549,46016129,educacion,CEIP MARIANO BENLLIURE,PÚB.,ALDAIA,21.0,POINT (717769.518508438 4371056.94601075),0.0020046710063025977,0.0016439958191880534,0.0005004401382334903
551,46016181,educacion,CEIP AUSIÀS MARCH,PÚB.,SAGUNT,38.0,POINT (733593.1341462951 4396335.786535414),0.001255438145642601,0.010979863404286172,0.014361498772713562
552,46016403,educacion,CEIP RAFAEL ALTAMIRA,PÚB.,VALÈNCIA,15.0,POINT (722504.3832085273 4371863.09927741),0.011445088352038701,0.0007352018891685362,0.0013280475460993504
553,46016439,educacion,CENTRE PRIVAT NUESTRA SEÑORA DEL ROSARIO,PRIV. CONC.,PATERNA,46.0,POINT (720264.4423645957 4378278.202546574),0.040632482336484296,0.034368559780188,0.05411886752573133
554,46016452,educacion,CEIP PROFESOR BARTOLOMÉ COSSIO,PÚB.,VALÈNCIA,18.0,POINT (725882.2542411286 4374735.594799576),0.00032543393379193595,0.0009796481749073341,0.00016451203554544746
557,46016518,educacion,CEIP FERNANDO DE LOS RÍOS,PÚB.,BURJASSOT,19.0,POINT (721699.78048516 4376959.32100892),0.005483451457186624,0.16008904331311197,0.0055073288467023685
558,46016521,educacion,CEIP LA CONSTITUCIÓN,PÚB.,QUART DE POBLET,20.0,POINT (720655.092147382 4373171.869714973),0.014222527823418464,0.0006862303477694964,0.004474341002236397
560,46016543,educacion,CEIP FRANCISCO MARTÍNEZ CULLA,PÚB.,CHIVA,8.0,POINT (695900.6604206061 4371977.467969798),0.01538485924095957,0.013636526952502887,0.0006862303477694964
561,46016555,educacion,CEIP JUAN MANUEL MONTOYA,PÚB.,VALÈNCIA,5.0,POINT (729354.0993395918 4369515.398864115),0.0004861972010579897,0.00048648094679407377,0.00021264207475554274
562,46016567,educacion,CEIP VILAMAR,PÚB.,PUERTO SAGUNTO (EL),47.0,POINT (738896.2345445403 4394453.427768831),0.011325201734763615,0.0031198041630698223,0.00972090875366634
563,46016579,educacion,CEIP MIGUEL HERNÁNDEZ,PÚB.,TORRENT,43.0,POINT (717038.0468299324 4367679.809217956),0.002876602469579135,0.0011386874866824406,0.0029240201474773756
564,46016580,educacion,CEIP FRANCISCO GINER DE LOS RÍOS,PÚB.,VALÈNCIA,44.0,POINT (723518.6500021975 4372892.474710563),0.0010610233149723973,0.0008303286161210787,0.01715426614363475
565,46016609,educacion,CEIP AUSIÀS MARCH,PÚB.,PATERNA,25.0,POINT (720303.463101619 4376167.6713597),0.03431431023605755,0.022732143057815634,0.001502610235974001
567,46016658,educacion,CENTRE PRIVAT VILAVELLA,PRIV. CONC.,VALÈNCIA,25.0,POINT (724249.754071778 4373196.898673045),0.0015226368366164011,0.004083523136652564,0.0015979863573102383
569,46016750,educacion,CEIP SANCHIS GUARNER,PÚB.,PATERNA,4.0,POINT (718928.6856670023 4376162.758582115),0.01395365846900959,0.017544046533389326,0.000705480033374846
571,46016798,educacion,CEIP ANTONIO MACHADO,PÚB.,XIRIVELLA,17.0,POINT (720995.3409533969 4371701.268649283),0.05915575353323252,0.009763079339630663,0.00026635666340154044
572,46016804,educacion,CEIP MAS DE ESCOTO,PÚB.,RIBA-ROJA DE TÚRIA,19.0,POINT (707783.7285186846 4380645.035427014),0.006797031668511231,0,0.08636435250270398
573,46016816,educacion,CEP REI EN JAUME,PÚB.,TAVERNES BLANQUES,19.0,POINT (726785.2058693409 4375946.636817354),0.007521239399771346,0.001443912731219025,0.007285417747418719
574,46017109,educacion,CENTRE PRIVAT LES CAROLINES,PRIV. CONC.,PICASSENT,48.0,POINT (716332.4713312581 4362691.674666214),0.005035300128438727,0.0027286864629339014,0.11650611935593348
575,46017213,educacion,CEIP VICENTE GAOS,PÚB.,VALÈNCIA,8.0,POINT (728033.3894286111 4373130.719864895),0.004211677316633149,0.004975192615730057,0.0005184098933819196
576,46017225,educacion,CEIP CARLES SALVADOR,PÚB.,VALÈNCIA,25.0,POINT (726749.0030648626 4374214.773051017),0.00019944351686657558,0.008425831516701543,0.0017016321760447714
577,46017237,educacion,CEIP ANTONIO MACHADO,PÚB.,VALÈNCIA,16.0,POINT (725779.8086759334 4375335.087903971),0.0016494463280859121,0.00451226866125012,0.0003468140989181017
578,46017249,educacion,CEIP PROFESOR LUIS BRAILLE,PÚB.,VALÈNCIA,45.0,POINT (725308.6376693025 4374421.695542137),0.0012471822715267786,0.0006905577635086875,0.001011983289037012
579,46017286,educacion,CENTRE PRIVAT LA MASIA,PRIV. CONC.,MUSEROS,23.0,POINT (728047.8046520435 4382395.247345276),0.0005338514426200017,0.00025933080720088166,0.021415695579030735
580,46017298,educacion,CENTRE PRIVAT SANTA MARÍA DEL PUIG,PRIV.,PUIG DE SANTA MARIA [EL],9.0,POINT (731635.6489830292 4385435.764056478),0.0009558292867024311,0.0037330167509129234,0.00032960329578889515
581,46017304,educacion,CENTRE PRIVAT COMENIUS CENTRE EDUCATIU,PRIV. CONC.,VALÈNCIA,34.0,POINT (724987.7100558836 4374271.1595516885),0.015045517722496115,0.003574248012889166,0.001019995738943595
582,46017390,educacion,CEIP SAN CARLOS BORROMEO,PÚB.,ALBAL,33.0,POINT (723216.9797479312 4364270.584030544),0.000739927093779892,0.0004627548044821318,0.0009997146918919815
583,46017407,educacion,CEIP MAESTRO EMILIO LUNA,PÚB.,ALGINET,20.0,POINT (718290.5472698098 4348341.690185707),0.0024656854129096184,0.0008721838831773548,0.00358428082406017
585,46017420,educacion,CEIP AUSIÀS MARCH,PÚB.,MISLATA,37.0,POINT (722287.058919898 4373072.112228987),0.06845332130228318,0.07592670399358692,0.0032556569739554146
586,46017432,educacion,CEIP LA PINAETA,PÚB.,PUERTO SAGUNTO (EL),16.0,POINT (736935.3811559726 4394791.020355697),0.005211791527450669,0.0020532413076377173,0.004769060324081285
587,46017444,educacion,CEIP ANTONIO MACHADO,PÚB.,TORRENT,9.0,POINT (717038.7115565839 4367788.471051191),0.0014835131744472888,0.0031896633677974576,0.0004899367509024075
588,46017456,educacion,CEIP EL MOLÍ,PÚB.,TORRENT,35.0,POINT (718764.7675712187 4368557.691992296),0.011316965164520638,0.23333844888299085,0.006972213580073616
589,46017468,educacion,CEIP PABLO NERUDA,PÚB.,VALÈNCIA,55.0,POINT (725851.4693646542 4370114.950235931),0.0022483594888871097,0.0017586230274114626,0.0028844633613511633
590,46017471,educacion,CEIP PROFESSOR RAMIRO JOVER,PÚB.,VALÈNCIA,8.0,POINT (724255.3664704371 4369217.078767557),0.021192231903700006,0.004931054615886047,0.0006286479844506874
591,46017481,educacion,CEIP LA COMA,PÚB.,PATERNA,21.0,POINT (720692.0293626239 4378076.206729884),0.034368559780188,0.001579172967296839,0.037234623107981375
592,46017559,educacion,CEIP MEDITERRÁNEO,PÚB.,PUERTO SAGUNTO (EL),43.0,POINT (738305.433915997 4393956.534321564),0.0012354870881568375,0.0008773865139576902,0.00032065350453648096
594,46017596,educacion,CEIP ELISEO VIDAL,PÚB.,VALÈNCIA,40.0,POINT (723851.7918191921 4370795.847786427),0.003321818795078427,0.0017766120843758788,0.004345545169917417
595,46017602,educacion,CEIP EXPLORADOR ANDRÉS,PÚB.,VALÈNCIA,18.0,POINT (728447.0833327909 4372319.438532626),0.00011816257585728412,0.0015060437311700146,0.0014032016455361187
596,46017641,educacion,CEIP VICENTE PLA PAREDES,PÚB.,SEDAVÍ,9.0,POINT (725471.4924072004 4367423.147643458),0.0046919093929287834,0.0018417298115343099,0.7500156423599202
599,46017729,educacion,CEIP COMUNITAT VALENCIANA,PÚB.,VALÈNCIA,17.0,POINT (724083.3572475446 4373776.333626117),0.008507861284261765,0.003191671247301698,0.00042771433247873627
601,46017833,educacion,CENTRE PRIVAT EL PRAT,PRIV. CONC.,LLÍRIA,21.0,POINT (707340.6929634886 4390856.950213056),0.00322091415847785,0.0017386536351015698,0.07118753419714302
603,46017869,educacion,CEIP VICENT RICART BONILLO,PÚB.,BENETÚSSER,20.0,POINT (724350.198192355 4366592.435566918),0.0019955322787062178,0.004343160457938306,0.0022055940349601844
606,46018114,educacion,CEIP PROFESOR SANCHIS GUARNER,PÚB.,VALÈNCIA,20.0,POINT (725458.4859518649 4374700.245041488),0.0009854761500831806,0.001586264997920528,0.0002405328769588104
607,46018126,educacion,CEIP MAX AUB,PÚB.,VALÈNCIA,9.0,POINT (726167.0337820088 4374224.749316372),0.000648993329826151,0.0035922777246292833,0.0002086268381653764
608,46018141,educacion,CEIP CIUDAD DE BOLONIA,PÚB.,VALÈNCIA,24.0,POINT (723505.7135428867 4371227.572260343),0.0005537559127989195,0.001815448559632163,0.0013837845844374911
609,46018151,educacion,CENTRE PRIVAT HELIOS,PRIV.,ELIANA (L'),35.0,POINT (714153.3104056201 4381775.967429583),0.0029615496628737437,0.002656497671694031,0.0023324440932633653
610,46018175,educacion,CENTRE PRIVAT EL DRAC,PRIV. CONC.,MONTE VEDAT,22.0,POINT (715141.5262778162 4366365.730587057),0.017266392213656584,0.0007390241633502254,0.049550049510353425
611,46018266,educacion,CEIP EL GARBÍ,PÚB.,ELIANA (L'),31.0,POINT (712513.2596660717 4382873.408425154),0.002501158756221362,0.0028763662038941208,0.3229216751690997
612,46018278,educacion,CEIP L'ALMASSIL,PÚB.,MISLATA,37.0,POINT (721554.2884414142 4372669.95905251),0.0024911909055728423,0.034294085862061605,0.002157469404904739
614,46018308,educacion,CEIP GUILLEM D'ENTENÇA,PÚB.,PUIG DE SANTA MARIA [EL],20.0,POINT (731293.5486900632 4386004.804571535),0.00429949205388164,0.00291761564876325,0.0030960199586438377
615,46018311,educacion,CEIP PROFESOR TIERNO GALVÁN,PÚB.,PUERTO SAGUNTO (EL),23.0,POINT (737465.2223323564 4394205.898780593),0.013922696136092753,0.0010571547793625548,0.0035681910794166526
616,46018333,educacion,CEIP FEDERICO GARCÍA LORCA,PÚB.,VALÈNCIA,38.0,POINT (727799.0742769777 4373246.256575144),0.001380465906541953,0.004024731613453322,0.003042486235556424
617,46018345,educacion,CEIP LLUÍS GUARNER,PÚB.,VALÈNCIA,34.0,POINT (723697.4085662924 4374858.574128141),0.006525356351002678,0.0008267605822414133,0.001191244805387965
618,46018667,educacion,CENTRE PRIVAT SAN ANTONIO DE PADUA II,PRIV. CONC.,CATARROJA,19.0,POINT (723079.5195698126 4364840.206054565),10.000160960343141,0.0018204020089374134,0.0013541622008328038
621,46018977,educacion,CEIP BERTOMEU LLORENS I ROYO,PÚB.,CATARROJA,20.0,POINT (723814.9183359415 4365086.217683362),0.0012230339178817507,0.0009635381416474394,0.0011105089972302867
622,46019121,educacion,CENTRE PRIVAT PLEYADE,PRIV. CONC.,MONTE VEDAT,25.0,POINT (715464.1541755225 4366454.105392825),0.0030600190341425544,0.049550049510353425,0.00845757266944635
623,46019787,educacion,CEIP EL PONTET,PÚB.,ALMUSSAFES,19.0,POINT (722894.6670247413 4352040.641618219),0.12707279849710668,0.10884535081321402,0.0010705583455641282
624,46019799,educacion,CEIP REI EN JAUME,PÚB.,FOIOS,18.0,POINT (727639.9516385514 4379764.129142302),0.001963645364819369,0.006193878305308401,0.012080712019049535
625,46019805,educacion,CEIP EL PATI,PÚB.,SILLA,25.0,POINT (722844.1297691019 4359761.992922145),0.001586746621190094,0.10588437333521143,0.0008603571550385851
626,46019817,educacion,CEIP L'AMISTAT,PÚB.,VALÈNCIA,8.0,POINT (727935.1425361792 4372548.667827638),0.0005905570324290242,0.0008253472763479264,0.0002729018750581189
627,46019866,educacion,CEIP MESTALLA,PÚB.,VALÈNCIA,42.0,POINT (727381.8497677941 4372477.637387898),0.0009965284472172032,0.0006128682148708647,0.0008087952338885094
628,46019891,educacion,CENTRE PRIVAT MADRE PETRA,PRIV. CONC.,MONTE VEDAT,15.0,POINT (715932.74267617 4366086.658175362),0.22619144052623258,0.01815877842925032,0.0032594885069099893
629,46020340,educacion,CEIP MIQUEL ADLERT I NOGUEROL,PÚB.,VALÈNCIA,7.0,POINT (728245.4455792179 4372046.635008088),0.00033602460318027513,0.0004215003660569539,0.00015356455911580262
630,46020534,educacion,CEIP ANTONIO FERRANDIS,PÚB.,PATERNA,8.0,POINT (720652.2030043631 4378211.603401253),0.42859136839686546,0.008599592375833348,0.008772096370857876
631,46020731,educacion,CENTRE PRIVAT GENÇANA,PRIV. CONC.,GODELLA,26.0,POINT (721049.9605544687 4378761.654656412),0.004493526708867317,0.0012563673877821332,0.029954238699306
632,46021757,educacion,CENTRE PRIVAT MAS CAMARENA,PRIV.,BÉTERA,115.0,POINT (718340.9645349085 4381084.5757665485),0.01923093986155042,0.0013466883886963273,0.03299933931268806
633,46022300,educacion,CEIP LA MURTA,PÚB.,CHIVA,25.0,POINT (696953.108897525 4371318.299269127),0.007667150781009648,0.007246433409044705,0.018983062148845316
634,46022464,educacion,CENTRE PRIVAT PALMA,PRIV. CONC.,CAÑADA (LA),26.0,POINT (717119.4995861677 4378984.884101531),0.023490088900316487,0.08518585806234126,0.01987809306811323
635,46022993,educacion,CEIP CASTELLAR-OLIVERAL,PÚB.,CASTELLAR-OLIVERAL,27.0,POINT (726638.1831720313 4367768.316960471),0.0019273945171758005,0.006651090015494529,0.003448320026315163
637,46023158,educacion,CEIP SERRERÍA,PÚB.,VALÈNCIA,18.0,POINT (729243.5079115039 4372077.765430146),0.02083352965108191,0.01041674090222343,0.00022960744698725344
638,46023161,educacion,CEIP LA FONT,PÚB.,CAÑADA (LA),14.0,POINT (717264.6345715537 4378215.889228367),0.06250039742854793,0.0007242559833359354,0.008599592375833348
639,46023328,educacion,CENTRE PRIVAT FUNDACIÓN SAN VICENTE FERRER,PRIV. CONC.,SAN ANTONIO DE BENAGÉBER,19.0,POINT (714260.4593646505 4382299.493934339),0.0013572013792751973,0.003518009037917995,0.008355441812705889
640,46023882,educacion,CEP AIORA,PÚB.,VALÈNCIA,39.0,POINT (728921.0798823663 4371973.686730288),0.0024573441465280733,0.009746693804436102,0.0005708938036187421
641,46023900,educacion,CEIP MARE NOSTRUM,PÚB.,VALÈNCIA,41.0,POINT (729044.7469527726 4372541.397322308),0.01848276454513019,0.0006760137436794805,0.002532475076895877
642,46024072,educacion,CEIP SANT ISIDRE,PÚB.,VALÈNCIA,21.0,POINT (723452.5729040154 4370089.5464973645),0.0016701634778404468,0.0009715151813865305,0.0011330179681029917
643,46024084,educacion,CEIP HUMANISTA MARINER,PÚB.,VALÈNCIA,22.0,POINT (724168.4612475785 4371024.96723315),0.0018277545951918708,0.0025778934406605037,0.0010554756041995235
644,46024096,educacion,CEIP CAMP DE TURIA,PÚB.,BÉTERA,42.0,POINT (718067.1545314151 4385014.138455229),0.0017588200289654057,0.001016787898605172,0.0022551821073043985
645,46024370,educacion,CENTRE PRIVAT OLLER 2,PRIV. CONC.,VALÈNCIA,24.0,POINT (724440.6795110959 4370439.0410861205),0.0022579945465042496,0.0022612994480604894,0.0008182288753820891
646,46024503,educacion,CEIP MONTE ALEGRE,PÚB.,ELIANA (L'),20.0,POINT (711220.3525681358 4382312.280631721),0.05092671625060682,0.04713886128229315,0.007418478082860744
647,46024515,educacion,CEIP CAMP DE TÚRIA,PÚB.,RIBA-ROJA DE TÚRIA,4.0,POINT (708606.9171055327 4380601.67815976),0.006346094756316688,0.0035161964204567446,0.0006934915895334457
648,46024710,educacion,CEIP MAS DE TOUS,PÚB.,POBLA DE VALLBONA (LA),43.0,POINT (711378.9249637652 4384665.951073474),0.002116444786904793,0.0046177526450836325,0.7166811660605021
649,46024837,educacion,CENTRE PRIVAT CAMARENA VALTERNA,PRIV.,PATERNA,30.0,POINT (720753.2150217533 4376628.5253544785),0.005706172770047997,0.0012874308171803499,0.013851221625639962
650,46024886,educacion,CENTRE PRIVAT RIVAS LUNA,PRIV. CONC.,ELIANA (L'),42.0,POINT (711118.6805756349 4382134.653868381),0.007788223727927798,0.029954238699306,0.011413177655675285
651,46025519,educacion,CEIP L'OLIVERA,PÚB.,ELIANA (L'),21.0,POINT (712290.7787203479 4382225.325412308),0.04248410239422656,0.0013862825891042185,0.004745873499733069
652,46026354,educacion,CEIP LA PATACONA,PÚB.,ALBORAIA,39.0,POINT (729553.0409002297 4374127.40994277),0.0017354929156043221,0.022377788159930082,0.013185049972223131
653,46026421,educacion,CEIP TOMÁS DE MONTAÑANA,PÚB.,VALÈNCIA,38.0,POINT (727850.7392353117 4371363.314297483),0.006038723065109217,0.003252430992231309,0.0063165938491798355
655,46027061,educacion,CEIP LLOMA DEL MAS,PÚB.,BÉTERA,32.0,POINT (717021.9186693013 4384583.74406785),0.0011923177183209212,4.4,0.10884535081321402
656,46027930,educacion,CEIP CIUTAT DE CREMONA,PÚB.,ALAQUÀS,19.0,POINT (718153.8824362808 4370078.953267098),0.0024000291905958973,0.03571454615007236,0.02261932735054672
657,46027942,educacion,CEIP LA BALAGUERA,PÚB.,ALBAL,33.0,POINT (722996.815326589 4363587.041342363),0.06361037344970018,0.011192334594895678,0.015759603327093925
658,46028417,educacion,CEIP LES PALMERES,PÚB.,CANET D'EN BERENGUER,22.0,POINT (738364.1774468799 4395685.745484727),0.009582182680891387,0.0008532505865597238,0.008023632948065872
660,46028430,educacion,CEIP ALEJANDRA SOLER,PÚB.,VALÈNCIA,50.0,POINT (725884.0703857068 4371319.299257346),0.00356482149245816,0.0015443681671607281,0.0005864720557690119
661,46028545,educacion,CEIP LLOMA LLARGA,PÚB.,LLOMA LLARGA,39.0,POINT (720763.6010668715 4376596.271550329),0.004027603587486195,0.0034157677580246367,0.018796240073191937
662,46028636,educacion,CEIP MARÍA YOCASTA RUÍZ AGUILERA,PÚB.,PUERTO SAGUNTO (EL),47.0,POINT (738557.5185717307 4394772.706983427),0,0.0013054999954961166,0.016235205646380216
664,46029011,educacion,CEIP EL CAMPÉS,PÚB.,POBLA DE VALLBONA (LA),46.0,POINT (710606.7774615609 4384972.760004916),0.0004736421464155168,0.001001789577791949,0.01799736413435089
665,46029264,educacion,CEIP VIL·LA ROMANA,PÚB.,CATARROJA,9.0,POINT (723258.2703563077 4365223.835921721),0.0024636410998416045,0.0004924743340692269,0.00035264180232539964
666,46029689,educacion,CEIP LES TERRETES,PÚB.,TORRENT,72.0,POINT (716800.0712839427 4367428.3206631085),0.0009210380474526622,0.0066091409447651545,0.012131576289981032
667,46030001,educacion,CEIP ROSA SERRANO,PÚB.,PAIPORTA,11.0,POINT (722396.8824585375 4367639.259639035),0.0023550973828853935,0.05208416183753209,0.0002709260519815528
668,46030205,educacion,CEIP LA PEA,PÚB.,VILAMARXANT,22.0,POINT (703673.8359111418 4382979.859457457),0.006165303820526067,1.5000155211550588,0.00496843537217142
669,46030564,educacion,CEIP ELS GERMANELLS,PÚB.,RAFELBUNYOL,38.0,POINT (728405.6848553731 4385752.438213358),0.05673858506536003,0.20000072511469835,0.0030123305175861477
670,46031349,educacion,CEIP L'ALBEREDA,PÚB.,VALÈNCIA,6.0,POINT (728670.1585245875 4370715.295212821),0.03166695697976595,0.0002845193343160161,0.0937508099380002
671,46031477,educacion,CEIP EL RAJOLAR,PÚB.,ALDAIA,21.0,POINT (718761.1431006982 4371838.947311657),0.004172208006269099,0.010384382073050024,0.0007069695331543169
672,46031787,educacion,CENTRE PRIVAT LARRODÉ,PRIV. CONC.,CATARROJA,46.0,POINT (723509.5818203023 4365511.020169698),0.0012146151840321871,0.0016161851007157311,0.013990451465614995
677,46033516,educacion,CEIP LA SABINA,PÚB.,SAN ANTONIO DE BENAGÉBER,36.0,POINT (713449.5830474664 4383499.326119196),0.010000133124281713,0.0011859970494764028,0.018127737244546124
679,46034399,educacion,CENTRE PRIVAT CUMBRES SCHOOL,PRIV.,MONCADA,39.0,POINT (723174.2026574851 4380981.38091066),0.0001324482866282909,0.00043327915694675226,0.04779497328218781
682,46036463,educacion,CENTRE PRIVAT HOME SCHOOL INTERNACIONAL,PRIV.,SAN ANTONIO DE BENAGÉBER,50.0,POINT (714109.7027033747 4383615.141236444),0.000839642764295468,0.0006575171335304499,0.46729644097300294
683,46036827,educacion,CEIP SAN ANTONIO ABAD,PÚB.,FORTALENY,8.0,POINT (732014.8212881598 4340699.6838014405),0.07777892126713797,0.07118753419714302,0.00222223804651824
687,46037200,educacion,CEIP TIRANT LO BLANC,PÚB.,ALBALAT DELS TARONGERS,5.0,POINT (728637.1885262189 4398500.57931462),0.00761678791028174,0.0032072279854301325,0.03571454615007236
688,46037212,educacion,CEIP SERRA CALDERONA,PÚB.,GILET,5.0,POINT (729450.2099903206 4395473.296835214),0.003612096955499718,0.004356841580471793,0.007246433409044705
689,46037224,educacion,CEIP DOMÍNGUEZ ROCA,PÚB.,PETRÉS,12.0,POINT (730501.23806197 4396429.466288606),0.002430469317034152,3.1250655584044518,0.013636525354391702
